"month","year","class","monthlyCount","monthlyTime","state"
6,2012,"Class I",30,2012-06-01,"the United States"
7,2012,"Class I",41,2012-07-01,"the United States"
8,2012,"Class I",197,2012-08-01,"the United States"
9,2012,"Class I",233,2012-09-01,"the United States"
10,2012,"Class I",361,2012-10-01,"the United States"
11,2012,"Class I",143,2012-11-01,"the United States"
12,2012,"Class I",49,2012-12-01,"the United States"
1,2013,"Class I",51,2013-01-01,"the United States"
2,2013,"Class I",23,2013-02-01,"the United States"
3,2013,"Class I",105,2013-03-01,"the United States"
4,2013,"Class I",26,2013-04-01,"the United States"
5,2013,"Class I",43,2013-05-01,"the United States"
6,2013,"Class I",39,2013-06-01,"the United States"
7,2013,"Class I",118,2013-07-01,"the United States"
8,2013,"Class I",40,2013-08-01,"the United States"
9,2013,"Class I",25,2013-09-01,"the United States"
10,2013,"Class I",10,2013-10-01,"the United States"
11,2013,"Class I",23,2013-11-01,"the United States"
12,2013,"Class I",534,2013-12-01,"the United States"
1,2014,"Class I",215,2014-01-01,"the United States"
2,2014,"Class I",21,2014-02-01,"the United States"
3,2014,"Class I",68,2014-03-01,"the United States"
4,2014,"Class I",87,2014-04-01,"the United States"
5,2014,"Class I",23,2014-05-01,"the United States"
6,2014,"Class I",18,2014-06-01,"the United States"
7,2014,"Class I",31,2014-07-01,"the United States"
8,2014,"Class I",24,2014-08-01,"the United States"
9,2014,"Class I",54,2014-09-01,"the United States"
10,2014,"Class I",45,2014-10-01,"the United States"
11,2014,"Class I",62,2014-11-01,"the United States"
12,2014,"Class I",88,2014-12-01,"the United States"
1,2015,"Class I",33,2015-01-01,"the United States"
2,2015,"Class I",371,2015-02-01,"the United States"
3,2015,"Class I",300,2015-03-01,"the United States"
4,2015,"Class I",155,2015-04-01,"the United States"
5,2015,"Class I",81,2015-05-01,"the United States"
6,2015,"Class I",52,2015-06-01,"the United States"
7,2015,"Class I",312,2015-07-01,"the United States"
8,2015,"Class I",92,2015-08-01,"the United States"
9,2015,"Class I",157,2015-09-01,"the United States"
6,2012,"Class II",103,2012-06-01,"the United States"
7,2012,"Class II",147,2012-07-01,"the United States"
8,2012,"Class II",127,2012-08-01,"the United States"
9,2012,"Class II",105,2012-09-01,"the United States"
10,2012,"Class II",249,2012-10-01,"the United States"
11,2012,"Class II",55,2012-11-01,"the United States"
12,2012,"Class II",73,2012-12-01,"the United States"
1,2013,"Class II",29,2013-01-01,"the United States"
2,2013,"Class II",35,2013-02-01,"the United States"
3,2013,"Class II",125,2013-03-01,"the United States"
4,2013,"Class II",54,2013-04-01,"the United States"
5,2013,"Class II",55,2013-05-01,"the United States"
6,2013,"Class II",55,2013-06-01,"the United States"
7,2013,"Class II",79,2013-07-01,"the United States"
8,2013,"Class II",47,2013-08-01,"the United States"
9,2013,"Class II",22,2013-09-01,"the United States"
10,2013,"Class II",94,2013-10-01,"the United States"
11,2013,"Class II",134,2013-11-01,"the United States"
12,2013,"Class II",321,2013-12-01,"the United States"
1,2014,"Class II",200,2014-01-01,"the United States"
2,2014,"Class II",125,2014-02-01,"the United States"
3,2014,"Class II",68,2014-03-01,"the United States"
4,2014,"Class II",109,2014-04-01,"the United States"
5,2014,"Class II",47,2014-05-01,"the United States"
6,2014,"Class II",31,2014-06-01,"the United States"
7,2014,"Class II",139,2014-07-01,"the United States"
8,2014,"Class II",90,2014-08-01,"the United States"
9,2014,"Class II",81,2014-09-01,"the United States"
10,2014,"Class II",72,2014-10-01,"the United States"
11,2014,"Class II",389,2014-11-01,"the United States"
12,2014,"Class II",122,2014-12-01,"the United States"
1,2015,"Class II",10,2015-01-01,"the United States"
2,2015,"Class II",41,2015-02-01,"the United States"
3,2015,"Class II",44,2015-03-01,"the United States"
4,2015,"Class II",297,2015-04-01,"the United States"
5,2015,"Class II",204,2015-05-01,"the United States"
6,2015,"Class II",62,2015-06-01,"the United States"
7,2015,"Class II",102,2015-07-01,"the United States"
8,2015,"Class II",80,2015-08-01,"the United States"
9,2015,"Class II",35,2015-09-01,"the United States"
6,2012,"Class III",26,2012-06-01,"the United States"
7,2012,"Class III",12,2012-07-01,"the United States"
8,2012,"Class III",8,2012-08-01,"the United States"
9,2012,"Class III",5,2012-09-01,"the United States"
10,2012,"Class III",3,2012-10-01,"the United States"
11,2012,"Class III",2,2012-11-01,"the United States"
12,2012,"Class III",7,2012-12-01,"the United States"
1,2013,"Class III",4,2013-01-01,"the United States"
2,2013,"Class III",11,2013-02-01,"the United States"
3,2013,"Class III",12,2013-03-01,"the United States"
4,2013,"Class III",8,2013-04-01,"the United States"
5,2013,"Class III",14,2013-05-01,"the United States"
6,2013,"Class III",8,2013-06-01,"the United States"
7,2013,"Class III",4,2013-07-01,"the United States"
8,2013,"Class III",8,2013-08-01,"the United States"
9,2013,"Class III",15,2013-09-01,"the United States"
10,2013,"Class III",7,2013-10-01,"the United States"
11,2013,"Class III",1,2013-11-01,"the United States"
12,2013,"Class III",6,2013-12-01,"the United States"
1,2014,"Class III",8,2014-01-01,"the United States"
2,2014,"Class III",5,2014-02-01,"the United States"
3,2014,"Class III",3,2014-03-01,"the United States"
4,2014,"Class III",6,2014-04-01,"the United States"
5,2014,"Class III",13,2014-05-01,"the United States"
6,2014,"Class III",10,2014-06-01,"the United States"
7,2014,"Class III",15,2014-07-01,"the United States"
8,2014,"Class III",7,2014-08-01,"the United States"
9,2014,"Class III",2,2014-09-01,"the United States"
10,2014,"Class III",16,2014-10-01,"the United States"
11,2014,"Class III",2,2014-11-01,"the United States"
12,2014,"Class III",5,2014-12-01,"the United States"
1,2015,"Class III",3,2015-01-01,"the United States"
2,2015,"Class III",3,2015-02-01,"the United States"
3,2015,"Class III",3,2015-03-01,"the United States"
4,2015,"Class III",4,2015-04-01,"the United States"
5,2015,"Class III",5,2015-05-01,"the United States"
6,2015,"Class III",4,2015-06-01,"the United States"
7,2015,"Class III",9,2015-07-01,"the United States"
8,2015,"Class III",5,2015-08-01,"the United States"
6,2012,"Total",159,2012-06-01,"the United States"
7,2012,"Total",200,2012-07-01,"the United States"
8,2012,"Total",332,2012-08-01,"the United States"
9,2012,"Total",343,2012-09-01,"the United States"
10,2012,"Total",613,2012-10-01,"the United States"
11,2012,"Total",200,2012-11-01,"the United States"
12,2012,"Total",129,2012-12-01,"the United States"
1,2013,"Total",84,2013-01-01,"the United States"
2,2013,"Total",69,2013-02-01,"the United States"
3,2013,"Total",242,2013-03-01,"the United States"
4,2013,"Total",88,2013-04-01,"the United States"
5,2013,"Total",112,2013-05-01,"the United States"
6,2013,"Total",102,2013-06-01,"the United States"
7,2013,"Total",201,2013-07-01,"the United States"
8,2013,"Total",95,2013-08-01,"the United States"
9,2013,"Total",62,2013-09-01,"the United States"
10,2013,"Total",111,2013-10-01,"the United States"
11,2013,"Total",158,2013-11-01,"the United States"
12,2013,"Total",861,2013-12-01,"the United States"
1,2014,"Total",423,2014-01-01,"the United States"
2,2014,"Total",151,2014-02-01,"the United States"
3,2014,"Total",139,2014-03-01,"the United States"
4,2014,"Total",202,2014-04-01,"the United States"
5,2014,"Total",83,2014-05-01,"the United States"
6,2014,"Total",59,2014-06-01,"the United States"
7,2014,"Total",185,2014-07-01,"the United States"
8,2014,"Total",121,2014-08-01,"the United States"
9,2014,"Total",137,2014-09-01,"the United States"
10,2014,"Total",133,2014-10-01,"the United States"
11,2014,"Total",453,2014-11-01,"the United States"
12,2014,"Total",215,2014-12-01,"the United States"
1,2015,"Total",46,2015-01-01,"the United States"
2,2015,"Total",415,2015-02-01,"the United States"
3,2015,"Total",347,2015-03-01,"the United States"
4,2015,"Total",456,2015-04-01,"the United States"
5,2015,"Total",290,2015-05-01,"the United States"
6,2015,"Total",118,2015-06-01,"the United States"
7,2015,"Total",423,2015-07-01,"the United States"
8,2015,"Total",177,2015-08-01,"the United States"
9,2015,"Total",192,2015-09-01,"the United States"
11,2012,"Class I",1,2012-11-01,"AL"
7,2013,"Class I",3,2013-07-01,"AL"
11,2013,"Class I",3,2013-11-01,"AL"
3,2013,"Class II",1,2013-03-01,"AL"
1,2014,"Class II",1,2014-01-01,"AL"
12,2014,"Class II",2,2014-12-01,"AL"
5,2015,"Class II",3,2015-05-01,"AL"
12,2014,"Class III",1,2014-12-01,"AL"
11,2012,"Total",1,2012-11-01,"AL"
3,2013,"Total",1,2013-03-01,"AL"
7,2013,"Total",3,2013-07-01,"AL"
11,2013,"Total",3,2013-11-01,"AL"
1,2014,"Total",1,2014-01-01,"AL"
12,2014,"Total",3,2014-12-01,"AL"
5,2015,"Total",3,2015-05-01,"AL"
3,2014,"Class I",11,2014-03-01,"AK"
11,2012,"Class II",1,2012-11-01,"AK"
9,2013,"Class II",1,2013-09-01,"AK"
1,2014,"Class II",12,2014-01-01,"AK"
6,2014,"Class II",2,2014-06-01,"AK"
11,2014,"Class II",2,2014-11-01,"AK"
9,2015,"Class II",1,2015-09-01,"AK"
11,2012,"Total",1,2012-11-01,"AK"
9,2013,"Total",1,2013-09-01,"AK"
1,2014,"Total",12,2014-01-01,"AK"
3,2014,"Total",11,2014-03-01,"AK"
6,2014,"Total",2,2014-06-01,"AK"
11,2014,"Total",2,2014-11-01,"AK"
9,2015,"Total",1,2015-09-01,"AK"
7,2012,"Class I",1,2012-07-01,"AZ"
8,2012,"Class I",1,2012-08-01,"AZ"
10,2012,"Class I",3,2012-10-01,"AZ"
12,2012,"Class I",1,2012-12-01,"AZ"
6,2013,"Class I",1,2013-06-01,"AZ"
4,2014,"Class I",1,2014-04-01,"AZ"
7,2014,"Class I",1,2014-07-01,"AZ"
8,2015,"Class I",65,2015-08-01,"AZ"
7,2012,"Class II",3,2012-07-01,"AZ"
8,2012,"Class II",1,2012-08-01,"AZ"
9,2012,"Class II",1,2012-09-01,"AZ"
10,2012,"Class II",3,2012-10-01,"AZ"
4,2013,"Class II",3,2013-04-01,"AZ"
7,2013,"Class II",1,2013-07-01,"AZ"
11,2013,"Class II",1,2013-11-01,"AZ"
3,2014,"Class II",9,2014-03-01,"AZ"
7,2014,"Class II",1,2014-07-01,"AZ"
10,2014,"Class II",1,2014-10-01,"AZ"
12,2014,"Class II",1,2014-12-01,"AZ"
5,2015,"Class II",3,2015-05-01,"AZ"
7,2012,"Total",4,2012-07-01,"AZ"
8,2012,"Total",2,2012-08-01,"AZ"
9,2012,"Total",1,2012-09-01,"AZ"
10,2012,"Total",6,2012-10-01,"AZ"
12,2012,"Total",1,2012-12-01,"AZ"
4,2013,"Total",3,2013-04-01,"AZ"
6,2013,"Total",1,2013-06-01,"AZ"
7,2013,"Total",1,2013-07-01,"AZ"
11,2013,"Total",1,2013-11-01,"AZ"
3,2014,"Total",9,2014-03-01,"AZ"
4,2014,"Total",1,2014-04-01,"AZ"
7,2014,"Total",2,2014-07-01,"AZ"
10,2014,"Total",1,2014-10-01,"AZ"
12,2014,"Total",1,2014-12-01,"AZ"
5,2015,"Total",3,2015-05-01,"AZ"
8,2015,"Total",65,2015-08-01,"AZ"
3,2014,"Class I",1,2014-03-01,"AR"
4,2015,"Class I",8,2015-04-01,"AR"
8,2012,"Class II",15,2012-08-01,"AR"
12,2013,"Class II",1,2013-12-01,"AR"
8,2012,"Total",15,2012-08-01,"AR"
12,2013,"Total",1,2013-12-01,"AR"
3,2014,"Total",1,2014-03-01,"AR"
4,2015,"Total",8,2015-04-01,"AR"
6,2012,"Class I",18,2012-06-01,"CA"
7,2012,"Class I",11,2012-07-01,"CA"
8,2012,"Class I",113,2012-08-01,"CA"
9,2012,"Class I",10,2012-09-01,"CA"
10,2012,"Class I",43,2012-10-01,"CA"
11,2012,"Class I",37,2012-11-01,"CA"
12,2012,"Class I",7,2012-12-01,"CA"
1,2013,"Class I",14,2013-01-01,"CA"
2,2013,"Class I",4,2013-02-01,"CA"
3,2013,"Class I",3,2013-03-01,"CA"
4,2013,"Class I",4,2013-04-01,"CA"
5,2013,"Class I",2,2013-05-01,"CA"
6,2013,"Class I",5,2013-06-01,"CA"
7,2013,"Class I",12,2013-07-01,"CA"
8,2013,"Class I",5,2013-08-01,"CA"
9,2013,"Class I",10,2013-09-01,"CA"
10,2013,"Class I",2,2013-10-01,"CA"
11,2013,"Class I",7,2013-11-01,"CA"
12,2013,"Class I",3,2013-12-01,"CA"
1,2014,"Class I",1,2014-01-01,"CA"
2,2014,"Class I",8,2014-02-01,"CA"
3,2014,"Class I",9,2014-03-01,"CA"
4,2014,"Class I",2,2014-04-01,"CA"
5,2014,"Class I",1,2014-05-01,"CA"
6,2014,"Class I",5,2014-06-01,"CA"
7,2014,"Class I",7,2014-07-01,"CA"
8,2014,"Class I",3,2014-08-01,"CA"
9,2014,"Class I",5,2014-09-01,"CA"
10,2014,"Class I",11,2014-10-01,"CA"
11,2014,"Class I",18,2014-11-01,"CA"
12,2014,"Class I",11,2014-12-01,"CA"
1,2015,"Class I",5,2015-01-01,"CA"
2,2015,"Class I",16,2015-02-01,"CA"
3,2015,"Class I",3,2015-03-01,"CA"
4,2015,"Class I",26,2015-04-01,"CA"
5,2015,"Class I",9,2015-05-01,"CA"
6,2015,"Class I",5,2015-06-01,"CA"
7,2015,"Class I",12,2015-07-01,"CA"
8,2015,"Class I",5,2015-08-01,"CA"
9,2015,"Class I",1,2015-09-01,"CA"
6,2012,"Class II",18,2012-06-01,"CA"
7,2012,"Class II",9,2012-07-01,"CA"
8,2012,"Class II",65,2012-08-01,"CA"
9,2012,"Class II",54,2012-09-01,"CA"
10,2012,"Class II",11,2012-10-01,"CA"
11,2012,"Class II",1,2012-11-01,"CA"
12,2012,"Class II",4,2012-12-01,"CA"
1,2013,"Class II",2,2013-01-01,"CA"
2,2013,"Class II",9,2013-02-01,"CA"
3,2013,"Class II",7,2013-03-01,"CA"
4,2013,"Class II",17,2013-04-01,"CA"
5,2013,"Class II",10,2013-05-01,"CA"
7,2013,"Class II",4,2013-07-01,"CA"
8,2013,"Class II",10,2013-08-01,"CA"
9,2013,"Class II",1,2013-09-01,"CA"
10,2013,"Class II",6,2013-10-01,"CA"
11,2013,"Class II",27,2013-11-01,"CA"
12,2013,"Class II",38,2013-12-01,"CA"
1,2014,"Class II",16,2014-01-01,"CA"
2,2014,"Class II",9,2014-02-01,"CA"
3,2014,"Class II",10,2014-03-01,"CA"
4,2014,"Class II",63,2014-04-01,"CA"
5,2014,"Class II",1,2014-05-01,"CA"
6,2014,"Class II",5,2014-06-01,"CA"
7,2014,"Class II",4,2014-07-01,"CA"
8,2014,"Class II",52,2014-08-01,"CA"
9,2014,"Class II",4,2014-09-01,"CA"
10,2014,"Class II",15,2014-10-01,"CA"
11,2014,"Class II",3,2014-11-01,"CA"
12,2014,"Class II",1,2014-12-01,"CA"
1,2015,"Class II",5,2015-01-01,"CA"
2,2015,"Class II",9,2015-02-01,"CA"
3,2015,"Class II",2,2015-03-01,"CA"
4,2015,"Class II",172,2015-04-01,"CA"
5,2015,"Class II",10,2015-05-01,"CA"
6,2015,"Class II",18,2015-06-01,"CA"
7,2015,"Class II",7,2015-07-01,"CA"
8,2015,"Class II",9,2015-08-01,"CA"
9,2015,"Class II",1,2015-09-01,"CA"
6,2012,"Class III",11,2012-06-01,"CA"
8,2012,"Class III",5,2012-08-01,"CA"
9,2012,"Class III",3,2012-09-01,"CA"
10,2012,"Class III",2,2012-10-01,"CA"
12,2012,"Class III",1,2012-12-01,"CA"
2,2013,"Class III",3,2013-02-01,"CA"
3,2013,"Class III",5,2013-03-01,"CA"
4,2013,"Class III",1,2013-04-01,"CA"
5,2013,"Class III",2,2013-05-01,"CA"
6,2013,"Class III",1,2013-06-01,"CA"
7,2013,"Class III",1,2013-07-01,"CA"
8,2013,"Class III",3,2013-08-01,"CA"
9,2013,"Class III",1,2013-09-01,"CA"
1,2014,"Class III",1,2014-01-01,"CA"
2,2014,"Class III",2,2014-02-01,"CA"
3,2014,"Class III",1,2014-03-01,"CA"
4,2014,"Class III",2,2014-04-01,"CA"
5,2014,"Class III",1,2014-05-01,"CA"
6,2014,"Class III",2,2014-06-01,"CA"
8,2014,"Class III",1,2014-08-01,"CA"
6,2015,"Class III",1,2015-06-01,"CA"
6,2012,"Total",47,2012-06-01,"CA"
7,2012,"Total",20,2012-07-01,"CA"
8,2012,"Total",183,2012-08-01,"CA"
9,2012,"Total",67,2012-09-01,"CA"
10,2012,"Total",56,2012-10-01,"CA"
11,2012,"Total",38,2012-11-01,"CA"
12,2012,"Total",12,2012-12-01,"CA"
1,2013,"Total",16,2013-01-01,"CA"
2,2013,"Total",16,2013-02-01,"CA"
3,2013,"Total",15,2013-03-01,"CA"
4,2013,"Total",22,2013-04-01,"CA"
5,2013,"Total",14,2013-05-01,"CA"
6,2013,"Total",6,2013-06-01,"CA"
7,2013,"Total",17,2013-07-01,"CA"
8,2013,"Total",18,2013-08-01,"CA"
9,2013,"Total",12,2013-09-01,"CA"
10,2013,"Total",8,2013-10-01,"CA"
11,2013,"Total",34,2013-11-01,"CA"
12,2013,"Total",41,2013-12-01,"CA"
1,2014,"Total",18,2014-01-01,"CA"
2,2014,"Total",19,2014-02-01,"CA"
3,2014,"Total",20,2014-03-01,"CA"
4,2014,"Total",67,2014-04-01,"CA"
5,2014,"Total",3,2014-05-01,"CA"
6,2014,"Total",12,2014-06-01,"CA"
7,2014,"Total",11,2014-07-01,"CA"
8,2014,"Total",56,2014-08-01,"CA"
9,2014,"Total",9,2014-09-01,"CA"
10,2014,"Total",26,2014-10-01,"CA"
11,2014,"Total",21,2014-11-01,"CA"
12,2014,"Total",12,2014-12-01,"CA"
1,2015,"Total",10,2015-01-01,"CA"
2,2015,"Total",25,2015-02-01,"CA"
3,2015,"Total",5,2015-03-01,"CA"
4,2015,"Total",198,2015-04-01,"CA"
5,2015,"Total",19,2015-05-01,"CA"
6,2015,"Total",24,2015-06-01,"CA"
7,2015,"Total",19,2015-07-01,"CA"
8,2015,"Total",14,2015-08-01,"CA"
9,2015,"Total",2,2015-09-01,"CA"
8,2012,"Class I",2,2012-08-01,"CO"
10,2012,"Class I",9,2012-10-01,"CO"
11,2012,"Class I",7,2012-11-01,"CO"
12,2012,"Class I",5,2012-12-01,"CO"
1,2013,"Class I",2,2013-01-01,"CO"
3,2013,"Class I",1,2013-03-01,"CO"
1,2014,"Class I",1,2014-01-01,"CO"
2,2014,"Class I",1,2014-02-01,"CO"
3,2014,"Class I",4,2014-03-01,"CO"
4,2014,"Class I",1,2014-04-01,"CO"
5,2014,"Class I",2,2014-05-01,"CO"
7,2014,"Class I",1,2014-07-01,"CO"
8,2014,"Class I",3,2014-08-01,"CO"
4,2015,"Class I",2,2015-04-01,"CO"
5,2015,"Class I",1,2015-05-01,"CO"
7,2015,"Class I",2,2015-07-01,"CO"
8,2015,"Class I",2,2015-08-01,"CO"
11,2012,"Class II",6,2012-11-01,"CO"
2,2013,"Class II",1,2013-02-01,"CO"
7,2013,"Class II",12,2013-07-01,"CO"
11,2013,"Class II",13,2013-11-01,"CO"
12,2013,"Class II",1,2013-12-01,"CO"
3,2014,"Class II",4,2014-03-01,"CO"
3,2015,"Class II",1,2015-03-01,"CO"
7,2015,"Class II",1,2015-07-01,"CO"
9,2015,"Class II",7,2015-09-01,"CO"
5,2013,"Class III",1,2013-05-01,"CO"
9,2013,"Class III",2,2013-09-01,"CO"
5,2015,"Class III",1,2015-05-01,"CO"
8,2012,"Total",2,2012-08-01,"CO"
10,2012,"Total",9,2012-10-01,"CO"
11,2012,"Total",13,2012-11-01,"CO"
12,2012,"Total",5,2012-12-01,"CO"
1,2013,"Total",2,2013-01-01,"CO"
2,2013,"Total",1,2013-02-01,"CO"
3,2013,"Total",1,2013-03-01,"CO"
5,2013,"Total",1,2013-05-01,"CO"
7,2013,"Total",12,2013-07-01,"CO"
9,2013,"Total",2,2013-09-01,"CO"
11,2013,"Total",13,2013-11-01,"CO"
12,2013,"Total",1,2013-12-01,"CO"
1,2014,"Total",1,2014-01-01,"CO"
2,2014,"Total",1,2014-02-01,"CO"
3,2014,"Total",8,2014-03-01,"CO"
4,2014,"Total",1,2014-04-01,"CO"
5,2014,"Total",2,2014-05-01,"CO"
7,2014,"Total",1,2014-07-01,"CO"
8,2014,"Total",3,2014-08-01,"CO"
3,2015,"Total",1,2015-03-01,"CO"
4,2015,"Total",2,2015-04-01,"CO"
5,2015,"Total",2,2015-05-01,"CO"
7,2015,"Total",3,2015-07-01,"CO"
8,2015,"Total",2,2015-08-01,"CO"
9,2015,"Total",7,2015-09-01,"CO"
11,2012,"Class I",1,2012-11-01,"CT"
12,2012,"Class I",1,2012-12-01,"CT"
10,2013,"Class I",2,2013-10-01,"CT"
1,2014,"Class I",1,2014-01-01,"CT"
3,2014,"Class I",2,2014-03-01,"CT"
9,2014,"Class I",4,2014-09-01,"CT"
4,2015,"Class I",2,2015-04-01,"CT"
5,2015,"Class I",12,2015-05-01,"CT"
7,2015,"Class I",1,2015-07-01,"CT"
7,2012,"Class II",1,2012-07-01,"CT"
11,2013,"Class II",2,2013-11-01,"CT"
1,2014,"Class II",2,2014-01-01,"CT"
3,2014,"Class II",1,2014-03-01,"CT"
4,2014,"Class II",1,2014-04-01,"CT"
8,2014,"Class II",5,2014-08-01,"CT"
9,2014,"Class II",2,2014-09-01,"CT"
5,2015,"Class III",2,2015-05-01,"CT"
7,2015,"Class III",1,2015-07-01,"CT"
7,2012,"Total",1,2012-07-01,"CT"
11,2012,"Total",1,2012-11-01,"CT"
12,2012,"Total",1,2012-12-01,"CT"
10,2013,"Total",2,2013-10-01,"CT"
11,2013,"Total",2,2013-11-01,"CT"
1,2014,"Total",3,2014-01-01,"CT"
3,2014,"Total",3,2014-03-01,"CT"
4,2014,"Total",1,2014-04-01,"CT"
8,2014,"Total",5,2014-08-01,"CT"
9,2014,"Total",6,2014-09-01,"CT"
4,2015,"Total",2,2015-04-01,"CT"
5,2015,"Total",14,2015-05-01,"CT"
7,2015,"Total",2,2015-07-01,"CT"
4,2014,"Class I",13,2014-04-01,"DE"
6,2014,"Class I",1,2014-06-01,"DE"
4,2014,"Class II",5,2014-04-01,"DE"
4,2015,"Class II",3,2015-04-01,"DE"
4,2014,"Total",18,2014-04-01,"DE"
6,2014,"Total",1,2014-06-01,"DE"
4,2015,"Total",3,2015-04-01,"DE"
7,2014,"Class III",6,2014-07-01,"DC"
7,2014,"Total",6,2014-07-01,"DC"
6,2012,"Class I",3,2012-06-01,"FL"
7,2012,"Class I",1,2012-07-01,"FL"
8,2012,"Class I",27,2012-08-01,"FL"
9,2012,"Class I",34,2012-09-01,"FL"
10,2012,"Class I",5,2012-10-01,"FL"
11,2012,"Class I",14,2012-11-01,"FL"
1,2013,"Class I",13,2013-01-01,"FL"
2,2013,"Class I",1,2013-02-01,"FL"
3,2013,"Class I",52,2013-03-01,"FL"
4,2013,"Class I",15,2013-04-01,"FL"
5,2013,"Class I",6,2013-05-01,"FL"
6,2013,"Class I",1,2013-06-01,"FL"
9,2013,"Class I",1,2013-09-01,"FL"
3,2014,"Class I",2,2014-03-01,"FL"
4,2014,"Class I",2,2014-04-01,"FL"
5,2014,"Class I",1,2014-05-01,"FL"
7,2014,"Class I",1,2014-07-01,"FL"
9,2014,"Class I",3,2014-09-01,"FL"
10,2014,"Class I",5,2014-10-01,"FL"
11,2014,"Class I",3,2014-11-01,"FL"
12,2014,"Class I",16,2014-12-01,"FL"
1,2015,"Class I",1,2015-01-01,"FL"
4,2015,"Class I",1,2015-04-01,"FL"
5,2015,"Class I",1,2015-05-01,"FL"
8,2012,"Class II",4,2012-08-01,"FL"
9,2012,"Class II",3,2012-09-01,"FL"
10,2012,"Class II",12,2012-10-01,"FL"
11,2012,"Class II",1,2012-11-01,"FL"
12,2012,"Class II",1,2012-12-01,"FL"
2,2013,"Class II",1,2013-02-01,"FL"
5,2013,"Class II",1,2013-05-01,"FL"
7,2013,"Class II",5,2013-07-01,"FL"
1,2014,"Class II",1,2014-01-01,"FL"
5,2014,"Class II",1,2014-05-01,"FL"
6,2014,"Class II",6,2014-06-01,"FL"
7,2014,"Class II",2,2014-07-01,"FL"
9,2014,"Class II",4,2014-09-01,"FL"
10,2014,"Class II",2,2014-10-01,"FL"
11,2014,"Class II",1,2014-11-01,"FL"
12,2014,"Class II",1,2014-12-01,"FL"
1,2015,"Class II",3,2015-01-01,"FL"
3,2015,"Class II",2,2015-03-01,"FL"
4,2015,"Class II",5,2015-04-01,"FL"
5,2015,"Class II",17,2015-05-01,"FL"
6,2015,"Class II",2,2015-06-01,"FL"
8,2015,"Class II",1,2015-08-01,"FL"
2,2013,"Class III",2,2013-02-01,"FL"
8,2013,"Class III",1,2013-08-01,"FL"
1,2014,"Class III",2,2014-01-01,"FL"
5,2014,"Class III",2,2014-05-01,"FL"
9,2014,"Class III",1,2014-09-01,"FL"
8,2015,"Class III",2,2015-08-01,"FL"
6,2012,"Total",3,2012-06-01,"FL"
7,2012,"Total",1,2012-07-01,"FL"
8,2012,"Total",31,2012-08-01,"FL"
9,2012,"Total",37,2012-09-01,"FL"
10,2012,"Total",17,2012-10-01,"FL"
11,2012,"Total",15,2012-11-01,"FL"
12,2012,"Total",1,2012-12-01,"FL"
1,2013,"Total",13,2013-01-01,"FL"
2,2013,"Total",4,2013-02-01,"FL"
3,2013,"Total",52,2013-03-01,"FL"
4,2013,"Total",15,2013-04-01,"FL"
5,2013,"Total",7,2013-05-01,"FL"
6,2013,"Total",1,2013-06-01,"FL"
7,2013,"Total",5,2013-07-01,"FL"
8,2013,"Total",1,2013-08-01,"FL"
9,2013,"Total",1,2013-09-01,"FL"
1,2014,"Total",3,2014-01-01,"FL"
3,2014,"Total",2,2014-03-01,"FL"
4,2014,"Total",2,2014-04-01,"FL"
5,2014,"Total",4,2014-05-01,"FL"
6,2014,"Total",6,2014-06-01,"FL"
7,2014,"Total",3,2014-07-01,"FL"
9,2014,"Total",8,2014-09-01,"FL"
10,2014,"Total",7,2014-10-01,"FL"
11,2014,"Total",4,2014-11-01,"FL"
12,2014,"Total",17,2014-12-01,"FL"
1,2015,"Total",4,2015-01-01,"FL"
3,2015,"Total",2,2015-03-01,"FL"
4,2015,"Total",6,2015-04-01,"FL"
5,2015,"Total",18,2015-05-01,"FL"
6,2015,"Total",2,2015-06-01,"FL"
8,2015,"Total",3,2015-08-01,"FL"
8,2012,"Class I",13,2012-08-01,"GA"
9,2012,"Class I",1,2012-09-01,"GA"
12,2012,"Class I",3,2012-12-01,"GA"
1,2013,"Class I",2,2013-01-01,"GA"
1,2014,"Class I",1,2014-01-01,"GA"
2,2014,"Class I",2,2014-02-01,"GA"
4,2014,"Class I",3,2014-04-01,"GA"
5,2014,"Class I",1,2014-05-01,"GA"
6,2014,"Class I",1,2014-06-01,"GA"
7,2014,"Class I",1,2014-07-01,"GA"
1,2015,"Class I",2,2015-01-01,"GA"
2,2015,"Class I",1,2015-02-01,"GA"
3,2015,"Class I",3,2015-03-01,"GA"
4,2015,"Class I",25,2015-04-01,"GA"
7,2012,"Class II",2,2012-07-01,"GA"
10,2012,"Class II",1,2012-10-01,"GA"
1,2013,"Class II",1,2013-01-01,"GA"
6,2013,"Class II",6,2013-06-01,"GA"
7,2013,"Class II",1,2013-07-01,"GA"
10,2013,"Class II",1,2013-10-01,"GA"
7,2014,"Class II",1,2014-07-01,"GA"
11,2014,"Class II",1,2014-11-01,"GA"
12,2014,"Class II",2,2014-12-01,"GA"
1,2015,"Class II",1,2015-01-01,"GA"
3,2015,"Class II",4,2015-03-01,"GA"
4,2015,"Class II",8,2015-04-01,"GA"
6,2015,"Class II",2,2015-06-01,"GA"
7,2015,"Class II",24,2015-07-01,"GA"
6,2012,"Class III",3,2012-06-01,"GA"
1,2013,"Class III",1,2013-01-01,"GA"
7,2014,"Class III",1,2014-07-01,"GA"
12,2014,"Class III",1,2014-12-01,"GA"
6,2012,"Total",3,2012-06-01,"GA"
7,2012,"Total",2,2012-07-01,"GA"
8,2012,"Total",13,2012-08-01,"GA"
9,2012,"Total",1,2012-09-01,"GA"
10,2012,"Total",1,2012-10-01,"GA"
12,2012,"Total",3,2012-12-01,"GA"
1,2013,"Total",4,2013-01-01,"GA"
6,2013,"Total",6,2013-06-01,"GA"
7,2013,"Total",1,2013-07-01,"GA"
10,2013,"Total",1,2013-10-01,"GA"
1,2014,"Total",1,2014-01-01,"GA"
2,2014,"Total",2,2014-02-01,"GA"
4,2014,"Total",3,2014-04-01,"GA"
5,2014,"Total",1,2014-05-01,"GA"
6,2014,"Total",1,2014-06-01,"GA"
7,2014,"Total",3,2014-07-01,"GA"
11,2014,"Total",1,2014-11-01,"GA"
12,2014,"Total",3,2014-12-01,"GA"
1,2015,"Total",3,2015-01-01,"GA"
2,2015,"Total",1,2015-02-01,"GA"
3,2015,"Total",7,2015-03-01,"GA"
4,2015,"Total",33,2015-04-01,"GA"
6,2015,"Total",2,2015-06-01,"GA"
7,2015,"Total",24,2015-07-01,"GA"
11,2012,"Class I",1,2012-11-01,"HI"
6,2014,"Class I",1,2014-06-01,"HI"
9,2014,"Class I",14,2014-09-01,"HI"
9,2015,"Class I",5,2015-09-01,"HI"
7,2012,"Class II",1,2012-07-01,"HI"
2,2014,"Class II",1,2014-02-01,"HI"
7,2014,"Class II",1,2014-07-01,"HI"
8,2012,"Class III",1,2012-08-01,"HI"
9,2013,"Class III",2,2013-09-01,"HI"
7,2014,"Class III",2,2014-07-01,"HI"
7,2012,"Total",1,2012-07-01,"HI"
8,2012,"Total",1,2012-08-01,"HI"
11,2012,"Total",1,2012-11-01,"HI"
9,2013,"Total",2,2013-09-01,"HI"
2,2014,"Total",1,2014-02-01,"HI"
6,2014,"Total",1,2014-06-01,"HI"
7,2014,"Total",3,2014-07-01,"HI"
9,2014,"Total",14,2014-09-01,"HI"
9,2015,"Total",5,2015-09-01,"HI"
12,2014,"Class I",1,2014-12-01,"ID"
9,2015,"Class I",1,2015-09-01,"ID"
7,2012,"Class II",1,2012-07-01,"ID"
10,2013,"Class II",64,2013-10-01,"ID"
10,2014,"Class II",1,2014-10-01,"ID"
12,2014,"Class II",1,2014-12-01,"ID"
9,2015,"Class II",2,2015-09-01,"ID"
9,2013,"Class III",1,2013-09-01,"ID"
5,2014,"Class III",1,2014-05-01,"ID"
7,2012,"Total",1,2012-07-01,"ID"
9,2013,"Total",1,2013-09-01,"ID"
10,2013,"Total",64,2013-10-01,"ID"
5,2014,"Total",1,2014-05-01,"ID"
10,2014,"Total",1,2014-10-01,"ID"
12,2014,"Total",2,2014-12-01,"ID"
9,2015,"Total",3,2015-09-01,"ID"
11,2012,"Class I",1,2012-11-01,"IL"
12,2012,"Class I",2,2012-12-01,"IL"
2,2013,"Class I",1,2013-02-01,"IL"
4,2013,"Class I",1,2013-04-01,"IL"
6,2013,"Class I",1,2013-06-01,"IL"
8,2013,"Class I",1,2013-08-01,"IL"
11,2013,"Class I",4,2013-11-01,"IL"
3,2014,"Class I",1,2014-03-01,"IL"
4,2014,"Class I",3,2014-04-01,"IL"
7,2014,"Class I",2,2014-07-01,"IL"
8,2014,"Class I",9,2014-08-01,"IL"
10,2014,"Class I",2,2014-10-01,"IL"
2,2015,"Class I",2,2015-02-01,"IL"
3,2015,"Class I",3,2015-03-01,"IL"
4,2015,"Class I",5,2015-04-01,"IL"
5,2015,"Class I",1,2015-05-01,"IL"
6,2015,"Class I",2,2015-06-01,"IL"
7,2015,"Class I",2,2015-07-01,"IL"
8,2015,"Class I",1,2015-08-01,"IL"
9,2015,"Class I",1,2015-09-01,"IL"
7,2012,"Class II",12,2012-07-01,"IL"
10,2012,"Class II",2,2012-10-01,"IL"
1,2013,"Class II",1,2013-01-01,"IL"
3,2013,"Class II",4,2013-03-01,"IL"
4,2013,"Class II",1,2013-04-01,"IL"
6,2013,"Class II",2,2013-06-01,"IL"
7,2013,"Class II",1,2013-07-01,"IL"
10,2013,"Class II",1,2013-10-01,"IL"
11,2013,"Class II",2,2013-11-01,"IL"
12,2013,"Class II",14,2013-12-01,"IL"
1,2014,"Class II",4,2014-01-01,"IL"
2,2014,"Class II",10,2014-02-01,"IL"
3,2014,"Class II",1,2014-03-01,"IL"
4,2014,"Class II",6,2014-04-01,"IL"
6,2014,"Class II",1,2014-06-01,"IL"
7,2014,"Class II",13,2014-07-01,"IL"
8,2014,"Class II",1,2014-08-01,"IL"
10,2014,"Class II",3,2014-10-01,"IL"
12,2014,"Class II",1,2014-12-01,"IL"
4,2015,"Class II",1,2015-04-01,"IL"
7,2015,"Class II",33,2015-07-01,"IL"
8,2015,"Class II",2,2015-08-01,"IL"
7,2012,"Class III",1,2012-07-01,"IL"
10,2014,"Class III",1,2014-10-01,"IL"
7,2012,"Total",13,2012-07-01,"IL"
10,2012,"Total",2,2012-10-01,"IL"
11,2012,"Total",1,2012-11-01,"IL"
12,2012,"Total",2,2012-12-01,"IL"
1,2013,"Total",1,2013-01-01,"IL"
2,2013,"Total",1,2013-02-01,"IL"
3,2013,"Total",4,2013-03-01,"IL"
4,2013,"Total",2,2013-04-01,"IL"
6,2013,"Total",3,2013-06-01,"IL"
7,2013,"Total",1,2013-07-01,"IL"
8,2013,"Total",1,2013-08-01,"IL"
10,2013,"Total",1,2013-10-01,"IL"
11,2013,"Total",6,2013-11-01,"IL"
12,2013,"Total",14,2013-12-01,"IL"
1,2014,"Total",4,2014-01-01,"IL"
2,2014,"Total",10,2014-02-01,"IL"
3,2014,"Total",2,2014-03-01,"IL"
4,2014,"Total",9,2014-04-01,"IL"
6,2014,"Total",1,2014-06-01,"IL"
7,2014,"Total",15,2014-07-01,"IL"
8,2014,"Total",10,2014-08-01,"IL"
10,2014,"Total",6,2014-10-01,"IL"
12,2014,"Total",1,2014-12-01,"IL"
2,2015,"Total",2,2015-02-01,"IL"
3,2015,"Total",3,2015-03-01,"IL"
4,2015,"Total",6,2015-04-01,"IL"
5,2015,"Total",1,2015-05-01,"IL"
6,2015,"Total",2,2015-06-01,"IL"
7,2015,"Total",35,2015-07-01,"IL"
8,2015,"Total",3,2015-08-01,"IL"
9,2015,"Total",1,2015-09-01,"IL"
9,2012,"Class I",1,2012-09-01,"IN"
10,2012,"Class I",12,2012-10-01,"IN"
2,2013,"Class I",2,2013-02-01,"IN"
3,2014,"Class I",9,2014-03-01,"IN"
2,2015,"Class I",1,2015-02-01,"IN"
12,2012,"Class II",13,2012-12-01,"IN"
3,2013,"Class II",2,2013-03-01,"IN"
5,2013,"Class II",7,2013-05-01,"IN"
10,2013,"Class II",1,2013-10-01,"IN"
1,2014,"Class II",8,2014-01-01,"IN"
3,2014,"Class II",1,2014-03-01,"IN"
4,2014,"Class II",2,2014-04-01,"IN"
5,2014,"Class II",6,2014-05-01,"IN"
8,2014,"Class II",3,2014-08-01,"IN"
10,2014,"Class II",6,2014-10-01,"IN"
11,2014,"Class II",2,2014-11-01,"IN"
5,2015,"Class II",7,2015-05-01,"IN"
8,2015,"Class II",2,2015-08-01,"IN"
5,2013,"Class III",7,2013-05-01,"IN"
6,2014,"Class III",2,2014-06-01,"IN"
9,2012,"Total",1,2012-09-01,"IN"
10,2012,"Total",12,2012-10-01,"IN"
12,2012,"Total",13,2012-12-01,"IN"
2,2013,"Total",2,2013-02-01,"IN"
3,2013,"Total",2,2013-03-01,"IN"
5,2013,"Total",14,2013-05-01,"IN"
10,2013,"Total",1,2013-10-01,"IN"
1,2014,"Total",8,2014-01-01,"IN"
3,2014,"Total",10,2014-03-01,"IN"
4,2014,"Total",2,2014-04-01,"IN"
5,2014,"Total",6,2014-05-01,"IN"
6,2014,"Total",2,2014-06-01,"IN"
8,2014,"Total",3,2014-08-01,"IN"
10,2014,"Total",6,2014-10-01,"IN"
11,2014,"Total",2,2014-11-01,"IN"
2,2015,"Total",1,2015-02-01,"IN"
5,2015,"Total",7,2015-05-01,"IN"
8,2015,"Total",2,2015-08-01,"IN"
8,2012,"Class I",1,2012-08-01,"IA"
1,2013,"Class I",1,2013-01-01,"IA"
7,2013,"Class I",1,2013-07-01,"IA"
12,2013,"Class I",2,2013-12-01,"IA"
4,2014,"Class I",1,2014-04-01,"IA"
5,2014,"Class I",1,2014-05-01,"IA"
2,2015,"Class I",1,2015-02-01,"IA"
6,2015,"Class I",25,2015-06-01,"IA"
7,2013,"Class II",1,2013-07-01,"IA"
11,2013,"Class II",1,2013-11-01,"IA"
4,2014,"Class II",3,2014-04-01,"IA"
6,2015,"Class II",1,2015-06-01,"IA"
7,2015,"Class II",1,2015-07-01,"IA"
4,2014,"Class III",1,2014-04-01,"IA"
8,2012,"Total",1,2012-08-01,"IA"
1,2013,"Total",1,2013-01-01,"IA"
7,2013,"Total",2,2013-07-01,"IA"
11,2013,"Total",1,2013-11-01,"IA"
12,2013,"Total",2,2013-12-01,"IA"
4,2014,"Total",5,2014-04-01,"IA"
5,2014,"Total",1,2014-05-01,"IA"
2,2015,"Total",1,2015-02-01,"IA"
6,2015,"Total",26,2015-06-01,"IA"
7,2015,"Total",1,2015-07-01,"IA"
10,2012,"Class I",1,2012-10-01,"KS"
2,2013,"Class II",1,2013-02-01,"KS"
8,2013,"Class II",3,2013-08-01,"KS"
3,2014,"Class II",2,2014-03-01,"KS"
10,2012,"Total",1,2012-10-01,"KS"
2,2013,"Total",1,2013-02-01,"KS"
8,2013,"Total",3,2013-08-01,"KS"
3,2014,"Total",2,2014-03-01,"KS"
8,2012,"Class I",1,2012-08-01,"LA"
2,2013,"Class I",1,2013-02-01,"LA"
3,2013,"Class I",1,2013-03-01,"LA"
7,2013,"Class I",1,2013-07-01,"LA"
1,2014,"Class I",1,2014-01-01,"LA"
2,2015,"Class I",4,2015-02-01,"LA"
3,2015,"Class I",1,2015-03-01,"LA"
4,2014,"Class II",1,2014-04-01,"LA"
3,2015,"Class II",5,2015-03-01,"LA"
9,2015,"Class II",3,2015-09-01,"LA"
8,2012,"Total",1,2012-08-01,"LA"
2,2013,"Total",1,2013-02-01,"LA"
3,2013,"Total",1,2013-03-01,"LA"
7,2013,"Total",1,2013-07-01,"LA"
1,2014,"Total",1,2014-01-01,"LA"
4,2014,"Total",1,2014-04-01,"LA"
2,2015,"Total",4,2015-02-01,"LA"
3,2015,"Total",6,2015-03-01,"LA"
9,2015,"Total",3,2015-09-01,"LA"
7,2012,"Class I",1,2012-07-01,"ME"
8,2012,"Class I",1,2012-08-01,"ME"
11,2012,"Class I",2,2012-11-01,"ME"
7,2013,"Class I",2,2013-07-01,"ME"
4,2014,"Class I",1,2014-04-01,"ME"
11,2014,"Class I",21,2014-11-01,"ME"
6,2013,"Class II",1,2013-06-01,"ME"
10,2014,"Class II",3,2014-10-01,"ME"
4,2015,"Class II",1,2015-04-01,"ME"
9,2015,"Class II",6,2015-09-01,"ME"
2,2015,"Class III",1,2015-02-01,"ME"
7,2012,"Total",1,2012-07-01,"ME"
8,2012,"Total",1,2012-08-01,"ME"
11,2012,"Total",2,2012-11-01,"ME"
6,2013,"Total",1,2013-06-01,"ME"
7,2013,"Total",2,2013-07-01,"ME"
4,2014,"Total",1,2014-04-01,"ME"
10,2014,"Total",3,2014-10-01,"ME"
11,2014,"Total",21,2014-11-01,"ME"
2,2015,"Total",1,2015-02-01,"ME"
4,2015,"Total",1,2015-04-01,"ME"
9,2015,"Total",6,2015-09-01,"ME"
6,2012,"Class I",2,2012-06-01,"MD"
10,2012,"Class I",4,2012-10-01,"MD"
12,2012,"Class I",2,2012-12-01,"MD"
8,2013,"Class I",1,2013-08-01,"MD"
3,2014,"Class I",6,2014-03-01,"MD"
4,2014,"Class I",1,2014-04-01,"MD"
1,2015,"Class I",13,2015-01-01,"MD"
8,2015,"Class I",2,2015-08-01,"MD"
7,2012,"Class II",1,2012-07-01,"MD"
8,2012,"Class II",2,2012-08-01,"MD"
11,2012,"Class II",3,2012-11-01,"MD"
5,2013,"Class II",1,2013-05-01,"MD"
9,2013,"Class II",1,2013-09-01,"MD"
1,2014,"Class II",5,2014-01-01,"MD"
4,2014,"Class II",1,2014-04-01,"MD"
6,2012,"Total",2,2012-06-01,"MD"
7,2012,"Total",1,2012-07-01,"MD"
8,2012,"Total",2,2012-08-01,"MD"
10,2012,"Total",4,2012-10-01,"MD"
11,2012,"Total",3,2012-11-01,"MD"
12,2012,"Total",2,2012-12-01,"MD"
5,2013,"Total",1,2013-05-01,"MD"
8,2013,"Total",1,2013-08-01,"MD"
9,2013,"Total",1,2013-09-01,"MD"
1,2014,"Total",5,2014-01-01,"MD"
3,2014,"Total",6,2014-03-01,"MD"
4,2014,"Total",2,2014-04-01,"MD"
1,2015,"Total",13,2015-01-01,"MD"
8,2015,"Total",2,2015-08-01,"MD"
8,2012,"Class I",3,2012-08-01,"MA"
9,2012,"Class I",15,2012-09-01,"MA"
10,2012,"Class I",3,2012-10-01,"MA"
12,2012,"Class I",2,2012-12-01,"MA"
1,2013,"Class I",1,2013-01-01,"MA"
5,2013,"Class I",2,2013-05-01,"MA"
6,2013,"Class I",2,2013-06-01,"MA"
8,2013,"Class I",1,2013-08-01,"MA"
9,2013,"Class I",1,2013-09-01,"MA"
12,2013,"Class I",6,2013-12-01,"MA"
5,2014,"Class I",2,2014-05-01,"MA"
6,2014,"Class I",2,2014-06-01,"MA"
7,2014,"Class I",2,2014-07-01,"MA"
8,2014,"Class I",2,2014-08-01,"MA"
9,2014,"Class I",1,2014-09-01,"MA"
11,2014,"Class I",4,2014-11-01,"MA"
12,2014,"Class I",2,2014-12-01,"MA"
4,2015,"Class I",12,2015-04-01,"MA"
5,2015,"Class I",1,2015-05-01,"MA"
9,2015,"Class I",1,2015-09-01,"MA"
6,2012,"Class II",1,2012-06-01,"MA"
7,2012,"Class II",1,2012-07-01,"MA"
8,2012,"Class II",4,2012-08-01,"MA"
9,2012,"Class II",3,2012-09-01,"MA"
11,2012,"Class II",1,2012-11-01,"MA"
1,2014,"Class II",5,2014-01-01,"MA"
4,2014,"Class II",1,2014-04-01,"MA"
5,2014,"Class II",25,2014-05-01,"MA"
8,2014,"Class II",1,2014-08-01,"MA"
10,2014,"Class II",1,2014-10-01,"MA"
4,2015,"Class II",3,2015-04-01,"MA"
8,2015,"Class II",1,2015-08-01,"MA"
6,2012,"Class III",2,2012-06-01,"MA"
12,2012,"Class III",1,2012-12-01,"MA"
4,2013,"Class III",1,2013-04-01,"MA"
6,2013,"Class III",1,2013-06-01,"MA"
7,2014,"Class III",1,2014-07-01,"MA"
8,2015,"Class III",1,2015-08-01,"MA"
6,2012,"Total",3,2012-06-01,"MA"
7,2012,"Total",1,2012-07-01,"MA"
8,2012,"Total",7,2012-08-01,"MA"
9,2012,"Total",18,2012-09-01,"MA"
10,2012,"Total",3,2012-10-01,"MA"
11,2012,"Total",1,2012-11-01,"MA"
12,2012,"Total",3,2012-12-01,"MA"
1,2013,"Total",1,2013-01-01,"MA"
4,2013,"Total",1,2013-04-01,"MA"
5,2013,"Total",2,2013-05-01,"MA"
6,2013,"Total",3,2013-06-01,"MA"
8,2013,"Total",1,2013-08-01,"MA"
9,2013,"Total",1,2013-09-01,"MA"
12,2013,"Total",6,2013-12-01,"MA"
1,2014,"Total",5,2014-01-01,"MA"
4,2014,"Total",1,2014-04-01,"MA"
5,2014,"Total",27,2014-05-01,"MA"
6,2014,"Total",2,2014-06-01,"MA"
7,2014,"Total",3,2014-07-01,"MA"
8,2014,"Total",3,2014-08-01,"MA"
9,2014,"Total",1,2014-09-01,"MA"
10,2014,"Total",1,2014-10-01,"MA"
11,2014,"Total",4,2014-11-01,"MA"
12,2014,"Total",2,2014-12-01,"MA"
4,2015,"Total",15,2015-04-01,"MA"
5,2015,"Total",1,2015-05-01,"MA"
8,2015,"Total",2,2015-08-01,"MA"
9,2015,"Total",1,2015-09-01,"MA"
7,2012,"Class I",7,2012-07-01,"MI"
8,2012,"Class I",1,2012-08-01,"MI"
9,2012,"Class I",13,2012-09-01,"MI"
10,2012,"Class I",2,2012-10-01,"MI"
2,2013,"Class I",2,2013-02-01,"MI"
6,2013,"Class I",1,2013-06-01,"MI"
7,2013,"Class I",52,2013-07-01,"MI"
8,2013,"Class I",1,2013-08-01,"MI"
9,2013,"Class I",1,2013-09-01,"MI"
12,2013,"Class I",1,2013-12-01,"MI"
2,2014,"Class I",1,2014-02-01,"MI"
3,2014,"Class I",1,2014-03-01,"MI"
4,2014,"Class I",4,2014-04-01,"MI"
7,2014,"Class I",1,2014-07-01,"MI"
12,2014,"Class I",2,2014-12-01,"MI"
2,2015,"Class I",1,2015-02-01,"MI"
4,2015,"Class I",1,2015-04-01,"MI"
6,2012,"Class II",5,2012-06-01,"MI"
7,2012,"Class II",21,2012-07-01,"MI"
8,2012,"Class II",17,2012-08-01,"MI"
9,2012,"Class II",1,2012-09-01,"MI"
10,2012,"Class II",140,2012-10-01,"MI"
11,2012,"Class II",4,2012-11-01,"MI"
12,2012,"Class II",47,2012-12-01,"MI"
1,2013,"Class II",1,2013-01-01,"MI"
3,2013,"Class II",2,2013-03-01,"MI"
4,2013,"Class II",1,2013-04-01,"MI"
5,2013,"Class II",2,2013-05-01,"MI"
6,2013,"Class II",26,2013-06-01,"MI"
7,2013,"Class II",1,2013-07-01,"MI"
8,2013,"Class II",3,2013-08-01,"MI"
11,2013,"Class II",1,2013-11-01,"MI"
3,2014,"Class II",2,2014-03-01,"MI"
4,2014,"Class II",1,2014-04-01,"MI"
5,2014,"Class II",2,2014-05-01,"MI"
6,2014,"Class II",1,2014-06-01,"MI"
8,2014,"Class II",1,2014-08-01,"MI"
11,2014,"Class II",355,2014-11-01,"MI"
12,2014,"Class II",4,2014-12-01,"MI"
2,2015,"Class II",7,2015-02-01,"MI"
7,2015,"Class II",3,2015-07-01,"MI"
9,2015,"Class II",4,2015-09-01,"MI"
7,2012,"Class III",7,2012-07-01,"MI"
9,2012,"Class III",1,2012-09-01,"MI"
12,2012,"Class III",3,2012-12-01,"MI"
1,2013,"Class III",1,2013-01-01,"MI"
6,2013,"Class III",3,2013-06-01,"MI"
2,2015,"Class III",1,2015-02-01,"MI"
6,2012,"Total",5,2012-06-01,"MI"
7,2012,"Total",35,2012-07-01,"MI"
8,2012,"Total",18,2012-08-01,"MI"
9,2012,"Total",15,2012-09-01,"MI"
10,2012,"Total",142,2012-10-01,"MI"
11,2012,"Total",4,2012-11-01,"MI"
12,2012,"Total",50,2012-12-01,"MI"
1,2013,"Total",2,2013-01-01,"MI"
2,2013,"Total",2,2013-02-01,"MI"
3,2013,"Total",2,2013-03-01,"MI"
4,2013,"Total",1,2013-04-01,"MI"
5,2013,"Total",2,2013-05-01,"MI"
6,2013,"Total",30,2013-06-01,"MI"
7,2013,"Total",53,2013-07-01,"MI"
8,2013,"Total",4,2013-08-01,"MI"
9,2013,"Total",1,2013-09-01,"MI"
11,2013,"Total",1,2013-11-01,"MI"
12,2013,"Total",1,2013-12-01,"MI"
2,2014,"Total",1,2014-02-01,"MI"
3,2014,"Total",3,2014-03-01,"MI"
4,2014,"Total",5,2014-04-01,"MI"
5,2014,"Total",2,2014-05-01,"MI"
6,2014,"Total",1,2014-06-01,"MI"
7,2014,"Total",1,2014-07-01,"MI"
8,2014,"Total",1,2014-08-01,"MI"
11,2014,"Total",355,2014-11-01,"MI"
12,2014,"Total",6,2014-12-01,"MI"
2,2015,"Total",9,2015-02-01,"MI"
4,2015,"Total",1,2015-04-01,"MI"
7,2015,"Total",3,2015-07-01,"MI"
9,2015,"Total",4,2015-09-01,"MI"
9,2012,"Class I",2,2012-09-01,"MN"
10,2012,"Class I",19,2012-10-01,"MN"
11,2012,"Class I",1,2012-11-01,"MN"
12,2012,"Class I",1,2012-12-01,"MN"
3,2013,"Class I",1,2013-03-01,"MN"
7,2013,"Class I",13,2013-07-01,"MN"
11,2013,"Class I",1,2013-11-01,"MN"
4,2014,"Class I",35,2014-04-01,"MN"
5,2014,"Class I",1,2014-05-01,"MN"
6,2014,"Class I",1,2014-06-01,"MN"
11,2014,"Class I",1,2014-11-01,"MN"
12,2014,"Class I",2,2014-12-01,"MN"
1,2015,"Class I",1,2015-01-01,"MN"
2,2015,"Class I",1,2015-02-01,"MN"
3,2015,"Class I",12,2015-03-01,"MN"
5,2015,"Class I",2,2015-05-01,"MN"
7,2015,"Class I",1,2015-07-01,"MN"
8,2015,"Class I",3,2015-08-01,"MN"
9,2015,"Class I",1,2015-09-01,"MN"
6,2012,"Class II",1,2012-06-01,"MN"
9,2012,"Class II",1,2012-09-01,"MN"
10,2012,"Class II",1,2012-10-01,"MN"
2,2013,"Class II",1,2013-02-01,"MN"
3,2013,"Class II",1,2013-03-01,"MN"
4,2013,"Class II",3,2013-04-01,"MN"
6,2013,"Class II",1,2013-06-01,"MN"
7,2013,"Class II",6,2013-07-01,"MN"
8,2013,"Class II",2,2013-08-01,"MN"
9,2013,"Class II",1,2013-09-01,"MN"
11,2013,"Class II",1,2013-11-01,"MN"
2,2014,"Class II",1,2014-02-01,"MN"
4,2014,"Class II",6,2014-04-01,"MN"
5,2014,"Class II",1,2014-05-01,"MN"
6,2014,"Class II",1,2014-06-01,"MN"
7,2014,"Class II",12,2014-07-01,"MN"
8,2014,"Class II",1,2014-08-01,"MN"
10,2014,"Class II",2,2014-10-01,"MN"
11,2014,"Class II",1,2014-11-01,"MN"
4,2015,"Class II",1,2015-04-01,"MN"
5,2015,"Class II",1,2015-05-01,"MN"
8,2015,"Class II",1,2015-08-01,"MN"
3,2014,"Class III",1,2014-03-01,"MN"
8,2014,"Class III",1,2014-08-01,"MN"
10,2014,"Class III",1,2014-10-01,"MN"
12,2014,"Class III",1,2014-12-01,"MN"
4,2015,"Class III",1,2015-04-01,"MN"
5,2015,"Class III",1,2015-05-01,"MN"
6,2012,"Total",1,2012-06-01,"MN"
9,2012,"Total",3,2012-09-01,"MN"
10,2012,"Total",20,2012-10-01,"MN"
11,2012,"Total",1,2012-11-01,"MN"
12,2012,"Total",1,2012-12-01,"MN"
2,2013,"Total",1,2013-02-01,"MN"
3,2013,"Total",2,2013-03-01,"MN"
4,2013,"Total",3,2013-04-01,"MN"
6,2013,"Total",1,2013-06-01,"MN"
7,2013,"Total",19,2013-07-01,"MN"
8,2013,"Total",2,2013-08-01,"MN"
9,2013,"Total",1,2013-09-01,"MN"
11,2013,"Total",2,2013-11-01,"MN"
2,2014,"Total",1,2014-02-01,"MN"
3,2014,"Total",1,2014-03-01,"MN"
4,2014,"Total",41,2014-04-01,"MN"
5,2014,"Total",2,2014-05-01,"MN"
6,2014,"Total",2,2014-06-01,"MN"
7,2014,"Total",12,2014-07-01,"MN"
8,2014,"Total",2,2014-08-01,"MN"
10,2014,"Total",3,2014-10-01,"MN"
11,2014,"Total",2,2014-11-01,"MN"
12,2014,"Total",3,2014-12-01,"MN"
1,2015,"Total",1,2015-01-01,"MN"
2,2015,"Total",1,2015-02-01,"MN"
3,2015,"Total",12,2015-03-01,"MN"
4,2015,"Total",2,2015-04-01,"MN"
5,2015,"Total",4,2015-05-01,"MN"
7,2015,"Total",1,2015-07-01,"MN"
8,2015,"Total",4,2015-08-01,"MN"
9,2015,"Total",1,2015-09-01,"MN"
8,2012,"Class I",19,2012-08-01,"MO"
11,2012,"Class I",2,2012-11-01,"MO"
3,2013,"Class I",1,2013-03-01,"MO"
12,2013,"Class I",1,2013-12-01,"MO"
5,2014,"Class I",1,2014-05-01,"MO"
6,2014,"Class I",2,2014-06-01,"MO"
2,2015,"Class I",8,2015-02-01,"MO"
3,2015,"Class I",2,2015-03-01,"MO"
4,2015,"Class I",3,2015-04-01,"MO"
6,2015,"Class I",1,2015-06-01,"MO"
6,2012,"Class II",2,2012-06-01,"MO"
7,2012,"Class II",3,2012-07-01,"MO"
9,2012,"Class II",1,2012-09-01,"MO"
11,2013,"Class II",1,2013-11-01,"MO"
12,2013,"Class II",161,2013-12-01,"MO"
2,2014,"Class II",1,2014-02-01,"MO"
7,2014,"Class II",1,2014-07-01,"MO"
8,2014,"Class II",1,2014-08-01,"MO"
4,2015,"Class II",4,2015-04-01,"MO"
8,2015,"Class II",34,2015-08-01,"MO"
8,2013,"Class III",1,2013-08-01,"MO"
10,2014,"Class III",3,2014-10-01,"MO"
6,2012,"Total",2,2012-06-01,"MO"
7,2012,"Total",3,2012-07-01,"MO"
8,2012,"Total",19,2012-08-01,"MO"
9,2012,"Total",1,2012-09-01,"MO"
11,2012,"Total",2,2012-11-01,"MO"
3,2013,"Total",1,2013-03-01,"MO"
8,2013,"Total",1,2013-08-01,"MO"
11,2013,"Total",1,2013-11-01,"MO"
12,2013,"Total",162,2013-12-01,"MO"
2,2014,"Total",1,2014-02-01,"MO"
5,2014,"Total",1,2014-05-01,"MO"
6,2014,"Total",2,2014-06-01,"MO"
7,2014,"Total",1,2014-07-01,"MO"
8,2014,"Total",1,2014-08-01,"MO"
10,2014,"Total",3,2014-10-01,"MO"
2,2015,"Total",8,2015-02-01,"MO"
3,2015,"Total",2,2015-03-01,"MO"
4,2015,"Total",7,2015-04-01,"MO"
6,2015,"Total",1,2015-06-01,"MO"
8,2015,"Total",34,2015-08-01,"MO"
10,2014,"Class III",2,2014-10-01,"MT"
6,2015,"Class III",1,2015-06-01,"MT"
10,2014,"Total",2,2014-10-01,"MT"
6,2015,"Total",1,2015-06-01,"MT"
5,2013,"Class I",4,2013-05-01,"NE"
6,2013,"Class I",1,2013-06-01,"NE"
9,2013,"Class I",1,2013-09-01,"NE"
11,2013,"Class I",1,2013-11-01,"NE"
12,2014,"Class I",1,2014-12-01,"NE"
5,2015,"Class I",1,2015-05-01,"NE"
8,2015,"Class I",1,2015-08-01,"NE"
1,2013,"Class II",1,2013-01-01,"NE"
3,2013,"Class II",4,2013-03-01,"NE"
10,2013,"Class II",6,2013-10-01,"NE"
11,2013,"Class II",18,2013-11-01,"NE"
3,2014,"Class II",1,2014-03-01,"NE"
9,2013,"Class III",5,2013-09-01,"NE"
1,2013,"Total",1,2013-01-01,"NE"
3,2013,"Total",4,2013-03-01,"NE"
5,2013,"Total",4,2013-05-01,"NE"
6,2013,"Total",1,2013-06-01,"NE"
9,2013,"Total",6,2013-09-01,"NE"
10,2013,"Total",6,2013-10-01,"NE"
11,2013,"Total",19,2013-11-01,"NE"
3,2014,"Total",1,2014-03-01,"NE"
12,2014,"Total",1,2014-12-01,"NE"
5,2015,"Total",1,2015-05-01,"NE"
8,2015,"Total",1,2015-08-01,"NE"
7,2013,"Class I",1,2013-07-01,"NV"
11,2014,"Class I",4,2014-11-01,"NV"
1,2015,"Class I",1,2015-01-01,"NV"
6,2012,"Class II",2,2012-06-01,"NV"
11,2013,"Class II",8,2013-11-01,"NV"
10,2014,"Class II",10,2014-10-01,"NV"
2,2015,"Class II",7,2015-02-01,"NV"
4,2015,"Class II",2,2015-04-01,"NV"
6,2012,"Total",2,2012-06-01,"NV"
7,2013,"Total",1,2013-07-01,"NV"
11,2013,"Total",8,2013-11-01,"NV"
10,2014,"Total",10,2014-10-01,"NV"
11,2014,"Total",4,2014-11-01,"NV"
1,2015,"Total",1,2015-01-01,"NV"
2,2015,"Total",7,2015-02-01,"NV"
4,2015,"Total",2,2015-04-01,"NV"
4,2013,"Class I",1,2013-04-01,"NH"
3,2014,"Class I",5,2014-03-01,"NH"
3,2015,"Class I",2,2015-03-01,"NH"
8,2012,"Class II",1,2012-08-01,"NH"
9,2013,"Class II",2,2013-09-01,"NH"
1,2014,"Class II",6,2014-01-01,"NH"
3,2014,"Class II",1,2014-03-01,"NH"
5,2014,"Class II",3,2014-05-01,"NH"
8,2012,"Total",1,2012-08-01,"NH"
4,2013,"Total",1,2013-04-01,"NH"
9,2013,"Total",2,2013-09-01,"NH"
1,2014,"Total",6,2014-01-01,"NH"
3,2014,"Total",6,2014-03-01,"NH"
5,2014,"Total",3,2014-05-01,"NH"
3,2015,"Total",2,2015-03-01,"NH"
7,2012,"Class I",12,2012-07-01,"NJ"
8,2012,"Class I",4,2012-08-01,"NJ"
9,2012,"Class I",44,2012-09-01,"NJ"
10,2012,"Class I",18,2012-10-01,"NJ"
11,2012,"Class I",2,2012-11-01,"NJ"
12,2012,"Class I",1,2012-12-01,"NJ"
1,2013,"Class I",1,2013-01-01,"NJ"
3,2013,"Class I",1,2013-03-01,"NJ"
4,2013,"Class I",1,2013-04-01,"NJ"
5,2013,"Class I",4,2013-05-01,"NJ"
7,2013,"Class I",2,2013-07-01,"NJ"
8,2013,"Class I",1,2013-08-01,"NJ"
9,2013,"Class I",2,2013-09-01,"NJ"
11,2013,"Class I",2,2013-11-01,"NJ"
12,2013,"Class I",1,2013-12-01,"NJ"
1,2014,"Class I",2,2014-01-01,"NJ"
3,2014,"Class I",1,2014-03-01,"NJ"
4,2014,"Class I",3,2014-04-01,"NJ"
5,2014,"Class I",4,2014-05-01,"NJ"
9,2014,"Class I",2,2014-09-01,"NJ"
10,2014,"Class I",2,2014-10-01,"NJ"
11,2014,"Class I",1,2014-11-01,"NJ"
12,2014,"Class I",8,2014-12-01,"NJ"
2,2015,"Class I",3,2015-02-01,"NJ"
3,2015,"Class I",1,2015-03-01,"NJ"
4,2015,"Class I",16,2015-04-01,"NJ"
5,2015,"Class I",4,2015-05-01,"NJ"
6,2015,"Class I",1,2015-06-01,"NJ"
7,2015,"Class I",1,2015-07-01,"NJ"
8,2015,"Class I",2,2015-08-01,"NJ"
9,2015,"Class I",3,2015-09-01,"NJ"
6,2012,"Class II",1,2012-06-01,"NJ"
7,2012,"Class II",5,2012-07-01,"NJ"
8,2012,"Class II",2,2012-08-01,"NJ"
9,2012,"Class II",4,2012-09-01,"NJ"
10,2012,"Class II",3,2012-10-01,"NJ"
11,2012,"Class II",14,2012-11-01,"NJ"
1,2013,"Class II",4,2013-01-01,"NJ"
2,2013,"Class II",2,2013-02-01,"NJ"
3,2013,"Class II",10,2013-03-01,"NJ"
4,2013,"Class II",4,2013-04-01,"NJ"
5,2013,"Class II",24,2013-05-01,"NJ"
6,2013,"Class II",2,2013-06-01,"NJ"
8,2013,"Class II",2,2013-08-01,"NJ"
12,2013,"Class II",9,2013-12-01,"NJ"
2,2014,"Class II",5,2014-02-01,"NJ"
3,2014,"Class II",3,2014-03-01,"NJ"
4,2014,"Class II",5,2014-04-01,"NJ"
5,2014,"Class II",2,2014-05-01,"NJ"
7,2014,"Class II",3,2014-07-01,"NJ"
8,2014,"Class II",1,2014-08-01,"NJ"
9,2014,"Class II",2,2014-09-01,"NJ"
10,2014,"Class II",3,2014-10-01,"NJ"
11,2014,"Class II",11,2014-11-01,"NJ"
12,2014,"Class II",2,2014-12-01,"NJ"
3,2015,"Class II",6,2015-03-01,"NJ"
4,2015,"Class II",4,2015-04-01,"NJ"
5,2015,"Class II",32,2015-05-01,"NJ"
8,2015,"Class II",2,2015-08-01,"NJ"
6,2012,"Class III",8,2012-06-01,"NJ"
7,2012,"Class III",2,2012-07-01,"NJ"
8,2012,"Class III",1,2012-08-01,"NJ"
12,2012,"Class III",2,2012-12-01,"NJ"
1,2013,"Class III",1,2013-01-01,"NJ"
2,2013,"Class III",2,2013-02-01,"NJ"
3,2013,"Class III",1,2013-03-01,"NJ"
5,2013,"Class III",2,2013-05-01,"NJ"
6,2013,"Class III",1,2013-06-01,"NJ"
8,2013,"Class III",1,2013-08-01,"NJ"
9,2013,"Class III",1,2013-09-01,"NJ"
2,2014,"Class III",3,2014-02-01,"NJ"
3,2014,"Class III",1,2014-03-01,"NJ"
4,2014,"Class III",1,2014-04-01,"NJ"
6,2014,"Class III",5,2014-06-01,"NJ"
7,2014,"Class III",3,2014-07-01,"NJ"
8,2014,"Class III",1,2014-08-01,"NJ"
10,2014,"Class III",1,2014-10-01,"NJ"
11,2014,"Class III",1,2014-11-01,"NJ"
1,2015,"Class III",3,2015-01-01,"NJ"
6,2015,"Class III",2,2015-06-01,"NJ"
6,2012,"Total",9,2012-06-01,"NJ"
7,2012,"Total",19,2012-07-01,"NJ"
8,2012,"Total",7,2012-08-01,"NJ"
9,2012,"Total",48,2012-09-01,"NJ"
10,2012,"Total",21,2012-10-01,"NJ"
11,2012,"Total",16,2012-11-01,"NJ"
12,2012,"Total",3,2012-12-01,"NJ"
1,2013,"Total",6,2013-01-01,"NJ"
2,2013,"Total",4,2013-02-01,"NJ"
3,2013,"Total",12,2013-03-01,"NJ"
4,2013,"Total",5,2013-04-01,"NJ"
5,2013,"Total",30,2013-05-01,"NJ"
6,2013,"Total",3,2013-06-01,"NJ"
7,2013,"Total",2,2013-07-01,"NJ"
8,2013,"Total",4,2013-08-01,"NJ"
9,2013,"Total",3,2013-09-01,"NJ"
11,2013,"Total",2,2013-11-01,"NJ"
12,2013,"Total",10,2013-12-01,"NJ"
1,2014,"Total",2,2014-01-01,"NJ"
2,2014,"Total",8,2014-02-01,"NJ"
3,2014,"Total",5,2014-03-01,"NJ"
4,2014,"Total",9,2014-04-01,"NJ"
5,2014,"Total",6,2014-05-01,"NJ"
6,2014,"Total",5,2014-06-01,"NJ"
7,2014,"Total",6,2014-07-01,"NJ"
8,2014,"Total",2,2014-08-01,"NJ"
9,2014,"Total",4,2014-09-01,"NJ"
10,2014,"Total",6,2014-10-01,"NJ"
11,2014,"Total",13,2014-11-01,"NJ"
12,2014,"Total",10,2014-12-01,"NJ"
1,2015,"Total",3,2015-01-01,"NJ"
2,2015,"Total",3,2015-02-01,"NJ"
3,2015,"Total",7,2015-03-01,"NJ"
4,2015,"Total",20,2015-04-01,"NJ"
5,2015,"Total",36,2015-05-01,"NJ"
6,2015,"Total",3,2015-06-01,"NJ"
7,2015,"Total",1,2015-07-01,"NJ"
8,2015,"Total",4,2015-08-01,"NJ"
9,2015,"Total",3,2015-09-01,"NJ"
10,2012,"Class I",188,2012-10-01,"NM"
11,2012,"Class I",32,2012-11-01,"NM"
5,2013,"Class I",7,2013-05-01,"NM"
5,2015,"Class I",1,2015-05-01,"NM"
12,2013,"Class II",8,2013-12-01,"NM"
2,2014,"Class II",78,2014-02-01,"NM"
12,2014,"Class II",7,2014-12-01,"NM"
10,2012,"Total",188,2012-10-01,"NM"
11,2012,"Total",32,2012-11-01,"NM"
5,2013,"Total",7,2013-05-01,"NM"
12,2013,"Total",8,2013-12-01,"NM"
2,2014,"Total",78,2014-02-01,"NM"
12,2014,"Total",7,2014-12-01,"NM"
5,2015,"Total",1,2015-05-01,"NM"
6,2012,"Class I",5,2012-06-01,"NY"
10,2012,"Class I",1,2012-10-01,"NY"
12,2012,"Class I",1,2012-12-01,"NY"
1,2013,"Class I",2,2013-01-01,"NY"
3,2013,"Class I",2,2013-03-01,"NY"
4,2013,"Class I",2,2013-04-01,"NY"
5,2013,"Class I",9,2013-05-01,"NY"
6,2013,"Class I",3,2013-06-01,"NY"
7,2013,"Class I",3,2013-07-01,"NY"
8,2013,"Class I",1,2013-08-01,"NY"
9,2013,"Class I",2,2013-09-01,"NY"
10,2013,"Class I",1,2013-10-01,"NY"
2,2014,"Class I",1,2014-02-01,"NY"
4,2014,"Class I",1,2014-04-01,"NY"
5,2014,"Class I",1,2014-05-01,"NY"
6,2014,"Class I",3,2014-06-01,"NY"
7,2014,"Class I",6,2014-07-01,"NY"
8,2014,"Class I",6,2014-08-01,"NY"
9,2014,"Class I",9,2014-09-01,"NY"
10,2014,"Class I",17,2014-10-01,"NY"
11,2014,"Class I",5,2014-11-01,"NY"
12,2014,"Class I",2,2014-12-01,"NY"
1,2015,"Class I",1,2015-01-01,"NY"
2,2015,"Class I",3,2015-02-01,"NY"
3,2015,"Class I",22,2015-03-01,"NY"
4,2015,"Class I",15,2015-04-01,"NY"
5,2015,"Class I",6,2015-05-01,"NY"
6,2015,"Class I",2,2015-06-01,"NY"
7,2015,"Class I",3,2015-07-01,"NY"
8,2015,"Class I",5,2015-08-01,"NY"
8,2012,"Class II",1,2012-08-01,"NY"
12,2012,"Class II",3,2012-12-01,"NY"
1,2013,"Class II",2,2013-01-01,"NY"
3,2013,"Class II",6,2013-03-01,"NY"
5,2013,"Class II",1,2013-05-01,"NY"
6,2013,"Class II",3,2013-06-01,"NY"
7,2013,"Class II",4,2013-07-01,"NY"
8,2013,"Class II",2,2013-08-01,"NY"
10,2013,"Class II",2,2013-10-01,"NY"
11,2013,"Class II",7,2013-11-01,"NY"
12,2013,"Class II",7,2013-12-01,"NY"
1,2014,"Class II",81,2014-01-01,"NY"
2,2014,"Class II",1,2014-02-01,"NY"
3,2014,"Class II",4,2014-03-01,"NY"
4,2014,"Class II",3,2014-04-01,"NY"
5,2014,"Class II",1,2014-05-01,"NY"
6,2014,"Class II",1,2014-06-01,"NY"
7,2014,"Class II",2,2014-07-01,"NY"
8,2014,"Class II",1,2014-08-01,"NY"
10,2014,"Class II",1,2014-10-01,"NY"
11,2014,"Class II",6,2014-11-01,"NY"
12,2014,"Class II",12,2014-12-01,"NY"
1,2015,"Class II",1,2015-01-01,"NY"
3,2015,"Class II",1,2015-03-01,"NY"
4,2015,"Class II",10,2015-04-01,"NY"
7,2015,"Class II",2,2015-07-01,"NY"
8,2015,"Class II",2,2015-08-01,"NY"
1,2013,"Class III",1,2013-01-01,"NY"
2,2013,"Class III",2,2013-02-01,"NY"
3,2013,"Class III",3,2013-03-01,"NY"
6,2013,"Class III",1,2013-06-01,"NY"
7,2013,"Class III",1,2013-07-01,"NY"
4,2014,"Class III",2,2014-04-01,"NY"
9,2014,"Class III",1,2014-09-01,"NY"
7,2015,"Class III",3,2015-07-01,"NY"
6,2012,"Total",5,2012-06-01,"NY"
8,2012,"Total",1,2012-08-01,"NY"
10,2012,"Total",1,2012-10-01,"NY"
12,2012,"Total",4,2012-12-01,"NY"
1,2013,"Total",5,2013-01-01,"NY"
2,2013,"Total",2,2013-02-01,"NY"
3,2013,"Total",11,2013-03-01,"NY"
4,2013,"Total",2,2013-04-01,"NY"
5,2013,"Total",10,2013-05-01,"NY"
6,2013,"Total",7,2013-06-01,"NY"
7,2013,"Total",8,2013-07-01,"NY"
8,2013,"Total",3,2013-08-01,"NY"
9,2013,"Total",2,2013-09-01,"NY"
10,2013,"Total",3,2013-10-01,"NY"
11,2013,"Total",7,2013-11-01,"NY"
12,2013,"Total",7,2013-12-01,"NY"
1,2014,"Total",81,2014-01-01,"NY"
2,2014,"Total",2,2014-02-01,"NY"
3,2014,"Total",4,2014-03-01,"NY"
4,2014,"Total",6,2014-04-01,"NY"
5,2014,"Total",2,2014-05-01,"NY"
6,2014,"Total",4,2014-06-01,"NY"
7,2014,"Total",8,2014-07-01,"NY"
8,2014,"Total",7,2014-08-01,"NY"
9,2014,"Total",10,2014-09-01,"NY"
10,2014,"Total",18,2014-10-01,"NY"
11,2014,"Total",11,2014-11-01,"NY"
12,2014,"Total",14,2014-12-01,"NY"
1,2015,"Total",2,2015-01-01,"NY"
2,2015,"Total",3,2015-02-01,"NY"
3,2015,"Total",23,2015-03-01,"NY"
4,2015,"Total",25,2015-04-01,"NY"
5,2015,"Total",6,2015-05-01,"NY"
6,2015,"Total",2,2015-06-01,"NY"
7,2015,"Total",8,2015-07-01,"NY"
8,2015,"Total",7,2015-08-01,"NY"
9,2012,"Class I",2,2012-09-01,"NC"
10,2012,"Class I",12,2012-10-01,"NC"
5,2013,"Class I",1,2013-05-01,"NC"
6,2013,"Class I",1,2013-06-01,"NC"
4,2014,"Class I",1,2014-04-01,"NC"
5,2014,"Class I",1,2014-05-01,"NC"
11,2014,"Class I",1,2014-11-01,"NC"
2,2015,"Class I",121,2015-02-01,"NC"
7,2012,"Class II",1,2012-07-01,"NC"
9,2012,"Class II",2,2012-09-01,"NC"
10,2012,"Class II",1,2012-10-01,"NC"
5,2013,"Class II",2,2013-05-01,"NC"
9,2013,"Class II",4,2013-09-01,"NC"
2,2014,"Class II",1,2014-02-01,"NC"
10,2014,"Class II",9,2014-10-01,"NC"
11,2014,"Class II",1,2014-11-01,"NC"
5,2015,"Class II",1,2015-05-01,"NC"
6,2015,"Class II",2,2015-06-01,"NC"
7,2014,"Class III",1,2014-07-01,"NC"
11,2014,"Class III",1,2014-11-01,"NC"
4,2015,"Class III",1,2015-04-01,"NC"
7,2012,"Total",1,2012-07-01,"NC"
9,2012,"Total",4,2012-09-01,"NC"
10,2012,"Total",13,2012-10-01,"NC"
5,2013,"Total",3,2013-05-01,"NC"
6,2013,"Total",1,2013-06-01,"NC"
9,2013,"Total",4,2013-09-01,"NC"
2,2014,"Total",1,2014-02-01,"NC"
4,2014,"Total",1,2014-04-01,"NC"
5,2014,"Total",1,2014-05-01,"NC"
7,2014,"Total",1,2014-07-01,"NC"
10,2014,"Total",9,2014-10-01,"NC"
11,2014,"Total",3,2014-11-01,"NC"
2,2015,"Total",121,2015-02-01,"NC"
4,2015,"Total",1,2015-04-01,"NC"
5,2015,"Total",1,2015-05-01,"NC"
6,2015,"Total",2,2015-06-01,"NC"
8,2012,"Class I",2,2012-08-01,"ND"
9,2012,"Class I",2,2012-09-01,"ND"
10,2012,"Class I",1,2012-10-01,"ND"
3,2013,"Class I",1,2013-03-01,"ND"
5,2014,"Class I",1,2014-05-01,"ND"
9,2014,"Class I",2,2014-09-01,"ND"
5,2015,"Class I",1,2015-05-01,"ND"
7,2015,"Class I",1,2015-07-01,"ND"
9,2012,"Class II",26,2012-09-01,"ND"
3,2013,"Class II",52,2013-03-01,"ND"
9,2012,"Class III",1,2012-09-01,"ND"
11,2012,"Class III",1,2012-11-01,"ND"
11,2013,"Class III",1,2013-11-01,"ND"
8,2012,"Total",2,2012-08-01,"ND"
9,2012,"Total",29,2012-09-01,"ND"
10,2012,"Total",1,2012-10-01,"ND"
11,2012,"Total",1,2012-11-01,"ND"
3,2013,"Total",53,2013-03-01,"ND"
11,2013,"Total",1,2013-11-01,"ND"
5,2014,"Total",1,2014-05-01,"ND"
9,2014,"Total",2,2014-09-01,"ND"
5,2015,"Total",1,2015-05-01,"ND"
7,2015,"Total",1,2015-07-01,"ND"
7,2012,"Class I",1,2012-07-01,"OH"
10,2012,"Class I",1,2012-10-01,"OH"
11,2012,"Class I",24,2012-11-01,"OH"
12,2012,"Class I",2,2012-12-01,"OH"
1,2013,"Class I",1,2013-01-01,"OH"
2,2013,"Class I",6,2013-02-01,"OH"
3,2013,"Class I",12,2013-03-01,"OH"
6,2013,"Class I",5,2013-06-01,"OH"
7,2013,"Class I",6,2013-07-01,"OH"
9,2013,"Class I",2,2013-09-01,"OH"
11,2013,"Class I",1,2013-11-01,"OH"
3,2014,"Class I",1,2014-03-01,"OH"
4,2014,"Class I",1,2014-04-01,"OH"
5,2014,"Class I",5,2014-05-01,"OH"
12,2014,"Class I",1,2014-12-01,"OH"
2,2015,"Class I",2,2015-02-01,"OH"
3,2015,"Class I",1,2015-03-01,"OH"
4,2015,"Class I",4,2015-04-01,"OH"
5,2015,"Class I",2,2015-05-01,"OH"
6,2015,"Class I",1,2015-06-01,"OH"
9,2015,"Class I",141,2015-09-01,"OH"
9,2012,"Class II",2,2012-09-01,"OH"
11,2012,"Class II",1,2012-11-01,"OH"
12,2012,"Class II",2,2012-12-01,"OH"
1,2013,"Class II",12,2013-01-01,"OH"
2,2013,"Class II",1,2013-02-01,"OH"
3,2013,"Class II",1,2013-03-01,"OH"
4,2013,"Class II",6,2013-04-01,"OH"
5,2013,"Class II",6,2013-05-01,"OH"
6,2013,"Class II",11,2013-06-01,"OH"
7,2013,"Class II",3,2013-07-01,"OH"
8,2013,"Class II",1,2013-08-01,"OH"
11,2013,"Class II",12,2013-11-01,"OH"
12,2013,"Class II",2,2013-12-01,"OH"
2,2014,"Class II",1,2014-02-01,"OH"
3,2014,"Class II",2,2014-03-01,"OH"
4,2014,"Class II",4,2014-04-01,"OH"
7,2014,"Class II",4,2014-07-01,"OH"
8,2014,"Class II",5,2014-08-01,"OH"
9,2014,"Class II",32,2014-09-01,"OH"
12,2014,"Class II",1,2014-12-01,"OH"
3,2015,"Class II",1,2015-03-01,"OH"
5,2015,"Class II",1,2015-05-01,"OH"
6,2015,"Class II",1,2015-06-01,"OH"
7,2015,"Class II",1,2015-07-01,"OH"
8,2015,"Class II",1,2015-08-01,"OH"
9,2015,"Class II",7,2015-09-01,"OH"
7,2012,"Class III",2,2012-07-01,"OH"
1,2014,"Class III",1,2014-01-01,"OH"
5,2014,"Class III",1,2014-05-01,"OH"
6,2014,"Class III",1,2014-06-01,"OH"
10,2014,"Class III",2,2014-10-01,"OH"
3,2015,"Class III",1,2015-03-01,"OH"
4,2015,"Class III",1,2015-04-01,"OH"
7,2012,"Total",3,2012-07-01,"OH"
9,2012,"Total",2,2012-09-01,"OH"
10,2012,"Total",1,2012-10-01,"OH"
11,2012,"Total",25,2012-11-01,"OH"
12,2012,"Total",4,2012-12-01,"OH"
1,2013,"Total",13,2013-01-01,"OH"
2,2013,"Total",7,2013-02-01,"OH"
3,2013,"Total",13,2013-03-01,"OH"
4,2013,"Total",6,2013-04-01,"OH"
5,2013,"Total",6,2013-05-01,"OH"
6,2013,"Total",16,2013-06-01,"OH"
7,2013,"Total",9,2013-07-01,"OH"
8,2013,"Total",1,2013-08-01,"OH"
9,2013,"Total",2,2013-09-01,"OH"
11,2013,"Total",13,2013-11-01,"OH"
12,2013,"Total",2,2013-12-01,"OH"
1,2014,"Total",1,2014-01-01,"OH"
2,2014,"Total",1,2014-02-01,"OH"
3,2014,"Total",3,2014-03-01,"OH"
4,2014,"Total",5,2014-04-01,"OH"
5,2014,"Total",6,2014-05-01,"OH"
6,2014,"Total",1,2014-06-01,"OH"
7,2014,"Total",4,2014-07-01,"OH"
8,2014,"Total",5,2014-08-01,"OH"
9,2014,"Total",32,2014-09-01,"OH"
10,2014,"Total",2,2014-10-01,"OH"
12,2014,"Total",2,2014-12-01,"OH"
2,2015,"Total",2,2015-02-01,"OH"
3,2015,"Total",3,2015-03-01,"OH"
4,2015,"Total",5,2015-04-01,"OH"
5,2015,"Total",3,2015-05-01,"OH"
6,2015,"Total",2,2015-06-01,"OH"
7,2015,"Total",1,2015-07-01,"OH"
8,2015,"Total",1,2015-08-01,"OH"
9,2015,"Total",148,2015-09-01,"OH"
6,2013,"Class I",1,2013-06-01,"OK"
7,2013,"Class I",1,2013-07-01,"OK"
2,2014,"Class I",1,2014-02-01,"OK"
11,2014,"Class I",1,2014-11-01,"OK"
7,2013,"Class II",6,2013-07-01,"OK"
8,2013,"Class II",1,2013-08-01,"OK"
9,2013,"Class II",1,2013-09-01,"OK"
10,2014,"Class II",1,2014-10-01,"OK"
6,2013,"Total",1,2013-06-01,"OK"
7,2013,"Total",7,2013-07-01,"OK"
8,2013,"Total",1,2013-08-01,"OK"
9,2013,"Total",1,2013-09-01,"OK"
2,2014,"Total",1,2014-02-01,"OK"
10,2014,"Total",1,2014-10-01,"OK"
11,2014,"Total",1,2014-11-01,"OK"
8,2012,"Class I",1,2012-08-01,"OR"
9,2012,"Class I",2,2012-09-01,"OR"
10,2012,"Class I",11,2012-10-01,"OR"
11,2012,"Class I",5,2012-11-01,"OR"
6,2013,"Class I",1,2013-06-01,"OR"
10,2013,"Class I",2,2013-10-01,"OR"
11,2013,"Class I",2,2013-11-01,"OR"
12,2013,"Class I",2,2013-12-01,"OR"
1,2014,"Class I",199,2014-01-01,"OR"
2,2014,"Class I",1,2014-02-01,"OR"
4,2014,"Class I",1,2014-04-01,"OR"
7,2014,"Class I",1,2014-07-01,"OR"
9,2014,"Class I",2,2014-09-01,"OR"
12,2014,"Class I",25,2014-12-01,"OR"
1,2015,"Class I",3,2015-01-01,"OR"
2,2015,"Class I",7,2015-02-01,"OR"
4,2015,"Class I",4,2015-04-01,"OR"
7,2015,"Class I",1,2015-07-01,"OR"
8,2015,"Class I",1,2015-08-01,"OR"
9,2015,"Class I",1,2015-09-01,"OR"
7,2012,"Class II",1,2012-07-01,"OR"
8,2012,"Class II",7,2012-08-01,"OR"
9,2012,"Class II",1,2012-09-01,"OR"
10,2012,"Class II",7,2012-10-01,"OR"
2,2013,"Class II",3,2013-02-01,"OR"
4,2013,"Class II",6,2013-04-01,"OR"
7,2013,"Class II",1,2013-07-01,"OR"
8,2013,"Class II",3,2013-08-01,"OR"
9,2013,"Class II",1,2013-09-01,"OR"
12,2013,"Class II",2,2013-12-01,"OR"
1,2014,"Class II",30,2014-01-01,"OR"
2,2014,"Class II",9,2014-02-01,"OR"
4,2014,"Class II",1,2014-04-01,"OR"
6,2014,"Class II",5,2014-06-01,"OR"
7,2014,"Class II",2,2014-07-01,"OR"
10,2014,"Class II",1,2014-10-01,"OR"
2,2015,"Class II",2,2015-02-01,"OR"
3,2015,"Class II",2,2015-03-01,"OR"
4,2015,"Class II",4,2015-04-01,"OR"
5,2015,"Class II",7,2015-05-01,"OR"
6,2015,"Class II",12,2015-06-01,"OR"
7,2015,"Class II",22,2015-07-01,"OR"
8,2015,"Class II",2,2015-08-01,"OR"
3,2013,"Class III",1,2013-03-01,"OR"
4,2013,"Class III",4,2013-04-01,"OR"
5,2013,"Class III",2,2013-05-01,"OR"
8,2013,"Class III",2,2013-08-01,"OR"
5,2014,"Class III",8,2014-05-01,"OR"
7,2015,"Class III",3,2015-07-01,"OR"
7,2012,"Total",1,2012-07-01,"OR"
8,2012,"Total",8,2012-08-01,"OR"
9,2012,"Total",3,2012-09-01,"OR"
10,2012,"Total",18,2012-10-01,"OR"
11,2012,"Total",5,2012-11-01,"OR"
2,2013,"Total",3,2013-02-01,"OR"
3,2013,"Total",1,2013-03-01,"OR"
4,2013,"Total",10,2013-04-01,"OR"
5,2013,"Total",2,2013-05-01,"OR"
6,2013,"Total",1,2013-06-01,"OR"
7,2013,"Total",1,2013-07-01,"OR"
8,2013,"Total",5,2013-08-01,"OR"
9,2013,"Total",1,2013-09-01,"OR"
10,2013,"Total",2,2013-10-01,"OR"
11,2013,"Total",2,2013-11-01,"OR"
12,2013,"Total",4,2013-12-01,"OR"
1,2014,"Total",229,2014-01-01,"OR"
2,2014,"Total",10,2014-02-01,"OR"
4,2014,"Total",2,2014-04-01,"OR"
5,2014,"Total",8,2014-05-01,"OR"
6,2014,"Total",5,2014-06-01,"OR"
7,2014,"Total",3,2014-07-01,"OR"
9,2014,"Total",2,2014-09-01,"OR"
10,2014,"Total",1,2014-10-01,"OR"
12,2014,"Total",25,2014-12-01,"OR"
1,2015,"Total",3,2015-01-01,"OR"
2,2015,"Total",9,2015-02-01,"OR"
3,2015,"Total",2,2015-03-01,"OR"
4,2015,"Total",8,2015-04-01,"OR"
5,2015,"Total",7,2015-05-01,"OR"
6,2015,"Total",12,2015-06-01,"OR"
7,2015,"Total",26,2015-07-01,"OR"
8,2015,"Total",3,2015-08-01,"OR"
9,2015,"Total",1,2015-09-01,"OR"
10,2012,"Class I",13,2012-10-01,"PA"
11,2012,"Class I",1,2012-11-01,"PA"
3,2013,"Class I",1,2013-03-01,"PA"
8,2013,"Class I",11,2013-08-01,"PA"
9,2013,"Class I",3,2013-09-01,"PA"
10,2013,"Class I",2,2013-10-01,"PA"
11,2013,"Class I",1,2013-11-01,"PA"
12,2013,"Class I",1,2013-12-01,"PA"
1,2014,"Class I",1,2014-01-01,"PA"
7,2014,"Class I",1,2014-07-01,"PA"
11,2014,"Class I",1,2014-11-01,"PA"
1,2015,"Class I",1,2015-01-01,"PA"
3,2015,"Class I",1,2015-03-01,"PA"
4,2015,"Class I",5,2015-04-01,"PA"
5,2015,"Class I",13,2015-05-01,"PA"
7,2012,"Class II",6,2012-07-01,"PA"
9,2012,"Class II",4,2012-09-01,"PA"
10,2012,"Class II",34,2012-10-01,"PA"
11,2012,"Class II",13,2012-11-01,"PA"
2,2013,"Class II",4,2013-02-01,"PA"
3,2013,"Class II",13,2013-03-01,"PA"
4,2013,"Class II",2,2013-04-01,"PA"
7,2013,"Class II",20,2013-07-01,"PA"
8,2013,"Class II",6,2013-08-01,"PA"
9,2013,"Class II",2,2013-09-01,"PA"
10,2013,"Class II",5,2013-10-01,"PA"
11,2013,"Class II",30,2013-11-01,"PA"
12,2013,"Class II",5,2013-12-01,"PA"
1,2014,"Class II",1,2014-01-01,"PA"
5,2014,"Class II",2,2014-05-01,"PA"
7,2014,"Class II",1,2014-07-01,"PA"
8,2014,"Class II",1,2014-08-01,"PA"
10,2014,"Class II",1,2014-10-01,"PA"
11,2014,"Class II",3,2014-11-01,"PA"
12,2014,"Class II",1,2014-12-01,"PA"
4,2015,"Class II",4,2015-04-01,"PA"
5,2015,"Class II",44,2015-05-01,"PA"
6,2015,"Class II",13,2015-06-01,"PA"
8,2015,"Class II",1,2015-08-01,"PA"
9,2015,"Class II",1,2015-09-01,"PA"
1,2014,"Class III",4,2014-01-01,"PA"
2,2015,"Class III",1,2015-02-01,"PA"
3,2015,"Class III",2,2015-03-01,"PA"
8,2015,"Class III",1,2015-08-01,"PA"
7,2012,"Total",6,2012-07-01,"PA"
9,2012,"Total",4,2012-09-01,"PA"
10,2012,"Total",47,2012-10-01,"PA"
11,2012,"Total",14,2012-11-01,"PA"
2,2013,"Total",4,2013-02-01,"PA"
3,2013,"Total",14,2013-03-01,"PA"
4,2013,"Total",2,2013-04-01,"PA"
7,2013,"Total",20,2013-07-01,"PA"
8,2013,"Total",17,2013-08-01,"PA"
9,2013,"Total",5,2013-09-01,"PA"
10,2013,"Total",7,2013-10-01,"PA"
11,2013,"Total",31,2013-11-01,"PA"
12,2013,"Total",6,2013-12-01,"PA"
1,2014,"Total",6,2014-01-01,"PA"
5,2014,"Total",2,2014-05-01,"PA"
7,2014,"Total",2,2014-07-01,"PA"
8,2014,"Total",1,2014-08-01,"PA"
10,2014,"Total",1,2014-10-01,"PA"
11,2014,"Total",4,2014-11-01,"PA"
12,2014,"Total",1,2014-12-01,"PA"
1,2015,"Total",1,2015-01-01,"PA"
2,2015,"Total",1,2015-02-01,"PA"
3,2015,"Total",3,2015-03-01,"PA"
4,2015,"Total",9,2015-04-01,"PA"
5,2015,"Total",57,2015-05-01,"PA"
6,2015,"Total",13,2015-06-01,"PA"
8,2015,"Total",2,2015-08-01,"PA"
9,2015,"Total",1,2015-09-01,"PA"
9,2012,"Class I",2,2012-09-01,"RI"
7,2014,"Class I",3,2014-07-01,"RI"
12,2014,"Class I",2,2014-12-01,"RI"
12,2013,"Class II",11,2013-12-01,"RI"
9,2012,"Total",2,2012-09-01,"RI"
12,2013,"Total",11,2013-12-01,"RI"
7,2014,"Total",3,2014-07-01,"RI"
12,2014,"Total",2,2014-12-01,"RI"
3,2013,"Class I",1,2013-03-01,"SC"
2,2014,"Class I",1,2014-02-01,"SC"
8,2012,"Class II",2,2012-08-01,"SC"
1,2014,"Class II",1,2014-01-01,"SC"
8,2014,"Class II",2,2014-08-01,"SC"
12,2014,"Class II",2,2014-12-01,"SC"
12,2014,"Class III",2,2014-12-01,"SC"
8,2012,"Total",2,2012-08-01,"SC"
3,2013,"Total",1,2013-03-01,"SC"
1,2014,"Total",1,2014-01-01,"SC"
2,2014,"Total",1,2014-02-01,"SC"
8,2014,"Total",2,2014-08-01,"SC"
12,2014,"Total",4,2014-12-01,"SC"
8,2012,"Class I",2,2012-08-01,"TN"
10,2012,"Class I",1,2012-10-01,"TN"
11,2012,"Class I",2,2012-11-01,"TN"
2,2013,"Class I",1,2013-02-01,"TN"
11,2013,"Class I",1,2013-11-01,"TN"
4,2014,"Class I",1,2014-04-01,"TN"
9,2014,"Class I",1,2014-09-01,"TN"
12,2014,"Class I",2,2014-12-01,"TN"
10,2012,"Class II",1,2012-10-01,"TN"
3,2013,"Class II",7,2013-03-01,"TN"
4,2013,"Class II",2,2013-04-01,"TN"
7,2013,"Class II",3,2013-07-01,"TN"
12,2013,"Class II",6,2013-12-01,"TN"
8,2014,"Class II",1,2014-08-01,"TN"
9,2014,"Class II",3,2014-09-01,"TN"
9,2015,"Class II",1,2015-09-01,"TN"
8,2014,"Class III",2,2014-08-01,"TN"
10,2014,"Class III",6,2014-10-01,"TN"
8,2012,"Total",2,2012-08-01,"TN"
10,2012,"Total",2,2012-10-01,"TN"
11,2012,"Total",2,2012-11-01,"TN"
2,2013,"Total",1,2013-02-01,"TN"
3,2013,"Total",7,2013-03-01,"TN"
4,2013,"Total",2,2013-04-01,"TN"
7,2013,"Total",3,2013-07-01,"TN"
11,2013,"Total",1,2013-11-01,"TN"
12,2013,"Total",6,2013-12-01,"TN"
4,2014,"Total",1,2014-04-01,"TN"
8,2014,"Total",3,2014-08-01,"TN"
9,2014,"Total",4,2014-09-01,"TN"
10,2014,"Total",6,2014-10-01,"TN"
12,2014,"Total",2,2014-12-01,"TN"
9,2015,"Total",1,2015-09-01,"TN"
8,2012,"Class I",3,2012-08-01,"TX"
10,2012,"Class I",2,2012-10-01,"TX"
11,2012,"Class I",3,2012-11-01,"TX"
12,2012,"Class I",3,2012-12-01,"TX"
1,2013,"Class I",5,2013-01-01,"TX"
2,2013,"Class I",4,2013-02-01,"TX"
3,2013,"Class I",16,2013-03-01,"TX"
4,2013,"Class I",1,2013-04-01,"TX"
5,2013,"Class I",3,2013-05-01,"TX"
6,2013,"Class I",11,2013-06-01,"TX"
7,2013,"Class I",20,2013-07-01,"TX"
8,2013,"Class I",1,2013-08-01,"TX"
9,2013,"Class I",1,2013-09-01,"TX"
1,2014,"Class I",7,2014-01-01,"TX"
2,2014,"Class I",1,2014-02-01,"TX"
3,2014,"Class I",14,2014-03-01,"TX"
7,2014,"Class I",1,2014-07-01,"TX"
9,2014,"Class I",5,2014-09-01,"TX"
10,2014,"Class I",4,2014-10-01,"TX"
11,2014,"Class I",1,2014-11-01,"TX"
12,2014,"Class I",1,2014-12-01,"TX"
2,2015,"Class I",12,2015-02-01,"TX"
3,2015,"Class I",55,2015-03-01,"TX"
4,2015,"Class I",16,2015-04-01,"TX"
5,2015,"Class I",13,2015-05-01,"TX"
6,2015,"Class I",1,2015-06-01,"TX"
7,2015,"Class I",286,2015-07-01,"TX"
8,2015,"Class I",4,2015-08-01,"TX"
9,2012,"Class II",2,2012-09-01,"TX"
10,2012,"Class II",2,2012-10-01,"TX"
12,2012,"Class II",1,2012-12-01,"TX"
3,2013,"Class II",3,2013-03-01,"TX"
4,2013,"Class II",1,2013-04-01,"TX"
5,2013,"Class II",1,2013-05-01,"TX"
6,2013,"Class II",2,2013-06-01,"TX"
7,2013,"Class II",1,2013-07-01,"TX"
8,2013,"Class II",10,2013-08-01,"TX"
9,2013,"Class II",1,2013-09-01,"TX"
12,2013,"Class II",6,2013-12-01,"TX"
1,2014,"Class II",2,2014-01-01,"TX"
2,2014,"Class II",7,2014-02-01,"TX"
3,2014,"Class II",6,2014-03-01,"TX"
6,2014,"Class II",2,2014-06-01,"TX"
7,2014,"Class II",6,2014-07-01,"TX"
8,2014,"Class II",3,2014-08-01,"TX"
9,2014,"Class II",33,2014-09-01,"TX"
10,2014,"Class II",1,2014-10-01,"TX"
11,2014,"Class II",1,2014-11-01,"TX"
12,2014,"Class II",81,2014-12-01,"TX"
2,2015,"Class II",13,2015-02-01,"TX"
3,2015,"Class II",1,2015-03-01,"TX"
4,2015,"Class II",64,2015-04-01,"TX"
5,2015,"Class II",35,2015-05-01,"TX"
6,2015,"Class II",11,2015-06-01,"TX"
7,2015,"Class II",1,2015-07-01,"TX"
8,2015,"Class II",7,2015-08-01,"TX"
9,2015,"Class II",1,2015-09-01,"TX"
10,2012,"Class III",1,2012-10-01,"TX"
3,2013,"Class III",1,2013-03-01,"TX"
6,2013,"Class III",1,2013-06-01,"TX"
7,2013,"Class III",1,2013-07-01,"TX"
10,2013,"Class III",3,2013-10-01,"TX"
4,2015,"Class III",1,2015-04-01,"TX"
5,2015,"Class III",1,2015-05-01,"TX"
7,2015,"Class III",2,2015-07-01,"TX"
8,2015,"Class III",1,2015-08-01,"TX"
8,2012,"Total",3,2012-08-01,"TX"
9,2012,"Total",2,2012-09-01,"TX"
10,2012,"Total",5,2012-10-01,"TX"
11,2012,"Total",3,2012-11-01,"TX"
12,2012,"Total",4,2012-12-01,"TX"
1,2013,"Total",5,2013-01-01,"TX"
2,2013,"Total",4,2013-02-01,"TX"
3,2013,"Total",20,2013-03-01,"TX"
4,2013,"Total",2,2013-04-01,"TX"
5,2013,"Total",4,2013-05-01,"TX"
6,2013,"Total",14,2013-06-01,"TX"
7,2013,"Total",22,2013-07-01,"TX"
8,2013,"Total",11,2013-08-01,"TX"
9,2013,"Total",2,2013-09-01,"TX"
10,2013,"Total",3,2013-10-01,"TX"
12,2013,"Total",6,2013-12-01,"TX"
1,2014,"Total",9,2014-01-01,"TX"
2,2014,"Total",8,2014-02-01,"TX"
3,2014,"Total",20,2014-03-01,"TX"
6,2014,"Total",2,2014-06-01,"TX"
7,2014,"Total",7,2014-07-01,"TX"
8,2014,"Total",3,2014-08-01,"TX"
9,2014,"Total",38,2014-09-01,"TX"
10,2014,"Total",5,2014-10-01,"TX"
11,2014,"Total",2,2014-11-01,"TX"
12,2014,"Total",82,2014-12-01,"TX"
2,2015,"Total",25,2015-02-01,"TX"
3,2015,"Total",56,2015-03-01,"TX"
4,2015,"Total",81,2015-04-01,"TX"
5,2015,"Total",49,2015-05-01,"TX"
6,2015,"Total",12,2015-06-01,"TX"
7,2015,"Total",289,2015-07-01,"TX"
8,2015,"Total",12,2015-08-01,"TX"
9,2015,"Total",1,2015-09-01,"TX"
7,2014,"Class I",1,2014-07-01,"UT"
9,2014,"Class I",1,2014-09-01,"UT"
2,2015,"Class I",1,2015-02-01,"UT"
5,2015,"Class I",1,2015-05-01,"UT"
7,2012,"Class II",3,2012-07-01,"UT"
1,2013,"Class II",1,2013-01-01,"UT"
10,2013,"Class II",1,2013-10-01,"UT"
11,2013,"Class II",1,2013-11-01,"UT"
12,2013,"Class II",1,2013-12-01,"UT"
2,2014,"Class II",1,2014-02-01,"UT"
4,2014,"Class II",4,2014-04-01,"UT"
2,2015,"Class II",3,2015-02-01,"UT"
8,2015,"Class II",1,2015-08-01,"UT"
8,2012,"Class III",1,2012-08-01,"UT"
4,2013,"Class III",1,2013-04-01,"UT"
9,2013,"Class III",1,2013-09-01,"UT"
7,2012,"Total",3,2012-07-01,"UT"
8,2012,"Total",1,2012-08-01,"UT"
1,2013,"Total",1,2013-01-01,"UT"
4,2013,"Total",1,2013-04-01,"UT"
9,2013,"Total",1,2013-09-01,"UT"
10,2013,"Total",1,2013-10-01,"UT"
11,2013,"Total",1,2013-11-01,"UT"
12,2013,"Total",1,2013-12-01,"UT"
2,2014,"Total",1,2014-02-01,"UT"
4,2014,"Total",4,2014-04-01,"UT"
7,2014,"Total",1,2014-07-01,"UT"
9,2014,"Total",1,2014-09-01,"UT"
2,2015,"Total",4,2015-02-01,"UT"
5,2015,"Total",1,2015-05-01,"UT"
8,2015,"Total",1,2015-08-01,"UT"
4,2013,"Class I",1,2013-04-01,"VT"
4,2014,"Class I",1,2014-04-01,"VT"
3,2013,"Class II",2,2013-03-01,"VT"
7,2013,"Class II",2,2013-07-01,"VT"
10,2013,"Class II",3,2013-10-01,"VT"
12,2013,"Class II",4,2013-12-01,"VT"
3,2014,"Class II",2,2014-03-01,"VT"
10,2013,"Class III",2,2013-10-01,"VT"
3,2013,"Total",2,2013-03-01,"VT"
4,2013,"Total",1,2013-04-01,"VT"
7,2013,"Total",2,2013-07-01,"VT"
10,2013,"Total",5,2013-10-01,"VT"
12,2013,"Total",4,2013-12-01,"VT"
3,2014,"Total",2,2014-03-01,"VT"
4,2014,"Total",1,2014-04-01,"VT"
7,2012,"Class I",2,2012-07-01,"VA"
12,2013,"Class I",1,2013-12-01,"VA"
1,2015,"Class I",3,2015-01-01,"VA"
4,2015,"Class I",2,2015-04-01,"VA"
5,2015,"Class I",6,2015-05-01,"VA"
6,2015,"Class I",3,2015-06-01,"VA"
9,2015,"Class I",2,2015-09-01,"VA"
7,2012,"Class II",3,2012-07-01,"VA"
8,2012,"Class II",1,2012-08-01,"VA"
1,2013,"Class II",2,2013-01-01,"VA"
4,2013,"Class II",4,2013-04-01,"VA"
11,2013,"Class II",3,2013-11-01,"VA"
7,2014,"Class II",2,2014-07-01,"VA"
8,2014,"Class II",3,2014-08-01,"VA"
4,2015,"Class II",1,2015-04-01,"VA"
10,2013,"Class III",2,2013-10-01,"VA"
8,2014,"Class III",2,2014-08-01,"VA"
7,2012,"Total",5,2012-07-01,"VA"
8,2012,"Total",1,2012-08-01,"VA"
1,2013,"Total",2,2013-01-01,"VA"
4,2013,"Total",4,2013-04-01,"VA"
10,2013,"Total",2,2013-10-01,"VA"
11,2013,"Total",3,2013-11-01,"VA"
12,2013,"Total",1,2013-12-01,"VA"
7,2014,"Total",2,2014-07-01,"VA"
8,2014,"Total",5,2014-08-01,"VA"
1,2015,"Total",3,2015-01-01,"VA"
4,2015,"Total",3,2015-04-01,"VA"
5,2015,"Total",6,2015-05-01,"VA"
6,2015,"Total",3,2015-06-01,"VA"
9,2015,"Total",2,2015-09-01,"VA"
8,2012,"Class I",1,2012-08-01,"WA"
9,2012,"Class I",7,2012-09-01,"WA"
10,2012,"Class I",9,2012-10-01,"WA"
11,2012,"Class I",2,2012-11-01,"WA"
12,2012,"Class I",2,2012-12-01,"WA"
1,2013,"Class I",2,2013-01-01,"WA"
3,2013,"Class I",12,2013-03-01,"WA"
7,2013,"Class I",1,2013-07-01,"WA"
8,2013,"Class I",10,2013-08-01,"WA"
12,2013,"Class I",4,2013-12-01,"WA"
1,2014,"Class I",1,2014-01-01,"WA"
2,2014,"Class I",4,2014-02-01,"WA"
3,2014,"Class I",1,2014-03-01,"WA"
4,2014,"Class I",11,2014-04-01,"WA"
10,2014,"Class I",2,2014-10-01,"WA"
11,2014,"Class I",1,2014-11-01,"WA"
1,2015,"Class I",2,2015-01-01,"WA"
2,2015,"Class I",186,2015-02-01,"WA"
3,2015,"Class I",194,2015-03-01,"WA"
4,2015,"Class I",7,2015-04-01,"WA"
5,2015,"Class I",1,2015-05-01,"WA"
8,2015,"Class I",1,2015-08-01,"WA"
7,2012,"Class II",5,2012-07-01,"WA"
8,2012,"Class II",5,2012-08-01,"WA"
12,2012,"Class II",1,2012-12-01,"WA"
1,2013,"Class II",1,2013-01-01,"WA"
3,2013,"Class II",2,2013-03-01,"WA"
4,2013,"Class II",2,2013-04-01,"WA"
7,2013,"Class II",5,2013-07-01,"WA"
8,2013,"Class II",3,2013-08-01,"WA"
10,2013,"Class II",4,2013-10-01,"WA"
11,2013,"Class II",4,2013-11-01,"WA"
12,2013,"Class II",4,2013-12-01,"WA"
1,2014,"Class II",16,2014-01-01,"WA"
6,2014,"Class II",4,2014-06-01,"WA"
7,2014,"Class II",5,2014-07-01,"WA"
8,2014,"Class II",3,2014-08-01,"WA"
10,2014,"Class II",1,2014-10-01,"WA"
12,2014,"Class II",1,2014-12-01,"WA"
3,2015,"Class II",6,2015-03-01,"WA"
4,2015,"Class II",8,2015-04-01,"WA"
5,2015,"Class II",5,2015-05-01,"WA"
7,2015,"Class II",2,2015-07-01,"WA"
8,2015,"Class II",13,2015-08-01,"WA"
6,2012,"Class III",2,2012-06-01,"WA"
2,2013,"Class III",1,2013-02-01,"WA"
6,2012,"Total",2,2012-06-01,"WA"
7,2012,"Total",5,2012-07-01,"WA"
8,2012,"Total",6,2012-08-01,"WA"
9,2012,"Total",7,2012-09-01,"WA"
10,2012,"Total",9,2012-10-01,"WA"
11,2012,"Total",2,2012-11-01,"WA"
12,2012,"Total",3,2012-12-01,"WA"
1,2013,"Total",3,2013-01-01,"WA"
2,2013,"Total",1,2013-02-01,"WA"
3,2013,"Total",14,2013-03-01,"WA"
4,2013,"Total",2,2013-04-01,"WA"
7,2013,"Total",6,2013-07-01,"WA"
8,2013,"Total",13,2013-08-01,"WA"
10,2013,"Total",4,2013-10-01,"WA"
11,2013,"Total",4,2013-11-01,"WA"
12,2013,"Total",8,2013-12-01,"WA"
1,2014,"Total",17,2014-01-01,"WA"
2,2014,"Total",4,2014-02-01,"WA"
3,2014,"Total",1,2014-03-01,"WA"
4,2014,"Total",11,2014-04-01,"WA"
6,2014,"Total",4,2014-06-01,"WA"
7,2014,"Total",5,2014-07-01,"WA"
8,2014,"Total",3,2014-08-01,"WA"
10,2014,"Total",3,2014-10-01,"WA"
11,2014,"Total",1,2014-11-01,"WA"
12,2014,"Total",1,2014-12-01,"WA"
1,2015,"Total",2,2015-01-01,"WA"
2,2015,"Total",186,2015-02-01,"WA"
3,2015,"Total",200,2015-03-01,"WA"
4,2015,"Total",15,2015-04-01,"WA"
5,2015,"Total",6,2015-05-01,"WA"
7,2015,"Total",2,2015-07-01,"WA"
8,2015,"Total",14,2015-08-01,"WA"
7,2015,"Class I",1,2015-07-01,"WV"
7,2015,"Total",1,2015-07-01,"WV"
6,2012,"Class I",1,2012-06-01,"WI"
7,2012,"Class I",3,2012-07-01,"WI"
9,2012,"Class I",94,2012-09-01,"WI"
10,2012,"Class I",1,2012-10-01,"WI"
11,2012,"Class I",1,2012-11-01,"WI"
12,2012,"Class I",10,2012-12-01,"WI"
8,2013,"Class I",7,2013-08-01,"WI"
10,2013,"Class I",1,2013-10-01,"WI"
12,2013,"Class I",510,2013-12-01,"WI"
7,2014,"Class I",2,2014-07-01,"WI"
8,2014,"Class I",1,2014-08-01,"WI"
9,2014,"Class I",5,2014-09-01,"WI"
10,2014,"Class I",1,2014-10-01,"WI"
12,2014,"Class I",12,2014-12-01,"WI"
2,2015,"Class I",1,2015-02-01,"WI"
5,2015,"Class I",5,2015-05-01,"WI"
7,2015,"Class I",1,2015-07-01,"WI"
6,2012,"Class II",70,2012-06-01,"WI"
7,2012,"Class II",67,2012-07-01,"WI"
10,2012,"Class II",24,2012-10-01,"WI"
11,2012,"Class II",2,2012-11-01,"WI"
2,2013,"Class II",8,2013-02-01,"WI"
4,2013,"Class II",2,2013-04-01,"WI"
6,2013,"Class II",1,2013-06-01,"WI"
7,2013,"Class II",2,2013-07-01,"WI"
11,2013,"Class II",1,2013-11-01,"WI"
12,2013,"Class II",37,2013-12-01,"WI"
1,2014,"Class II",1,2014-01-01,"WI"
6,2014,"Class II",1,2014-06-01,"WI"
9,2014,"Class II",1,2014-09-01,"WI"
11,2014,"Class II",1,2014-11-01,"WI"
12,2014,"Class II",2,2014-12-01,"WI"
5,2015,"Class II",37,2015-05-01,"WI"
7,2015,"Class II",2,2015-07-01,"WI"
9,2015,"Class II",1,2015-09-01,"WI"
9,2013,"Class III",1,2013-09-01,"WI"
7,2014,"Class III",1,2014-07-01,"WI"
6,2012,"Total",71,2012-06-01,"WI"
7,2012,"Total",70,2012-07-01,"WI"
9,2012,"Total",94,2012-09-01,"WI"
10,2012,"Total",25,2012-10-01,"WI"
11,2012,"Total",3,2012-11-01,"WI"
12,2012,"Total",10,2012-12-01,"WI"
2,2013,"Total",8,2013-02-01,"WI"
4,2013,"Total",2,2013-04-01,"WI"
6,2013,"Total",1,2013-06-01,"WI"
7,2013,"Total",2,2013-07-01,"WI"
8,2013,"Total",7,2013-08-01,"WI"
9,2013,"Total",1,2013-09-01,"WI"
10,2013,"Total",1,2013-10-01,"WI"
11,2013,"Total",1,2013-11-01,"WI"
12,2013,"Total",547,2013-12-01,"WI"
1,2014,"Total",1,2014-01-01,"WI"
6,2014,"Total",1,2014-06-01,"WI"
7,2014,"Total",3,2014-07-01,"WI"
8,2014,"Total",1,2014-08-01,"WI"
9,2014,"Total",6,2014-09-01,"WI"
10,2014,"Total",1,2014-10-01,"WI"
11,2014,"Total",1,2014-11-01,"WI"
12,2014,"Total",14,2014-12-01,"WI"
2,2015,"Total",1,2015-02-01,"WI"
5,2015,"Total",42,2015-05-01,"WI"
7,2015,"Total",3,2015-07-01,"WI"
9,2015,"Total",1,2015-09-01,"WI"
3,2013,"Class II",2,2013-03-01,"WY"
6,2014,"Class II",2,2014-06-01,"WY"
3,2013,"Total",2,2013-03-01,"WY"
6,2014,"Total",2,2014-06-01,"WY"
